run_id,dataset,method,noise,seed,found_eq,r2,time_s,status
bacon3_S-1_N0.0_S42,S-1,bacon3,0.0,42,Failed to find a simple closing relation.,0.0000,0.00,Failed
bacon3_S-1_N0.0_S43,S-1,bacon3,0.0,43,Failed to find a simple closing relation.,0.0000,0.00,Failed
bacon3_S-1_N0.0_S44,S-1,bacon3,0.0,44,Failed to find a simple closing relation.,0.0000,0.00,Failed
bacon3_S-1_N0.0_S45,S-1,bacon3,0.0,45,Failed to find a simple closing relation.,0.0000,0.00,Failed
bacon3_S-1_N0.0_S46,S-1,bacon3,0.0,46,Failed to find a simple closing relation.,0.0000,0.00,Failed
bacon3_S-1_N0.0_S47,S-1,bacon3,0.0,47,Failed to find a simple closing relation.,0.0000,0.00,Failed
bacon3_S-1_N0.0_S48,S-1,bacon3,0.0,48,Failed to find a simple closing relation.,0.0000,0.00,Failed
bacon3_S-1_N0.0_S49,S-1,bacon3,0.0,49,Failed to find a simple closing relation.,0.0000,0.00,Failed
bacon3_S-1_N0.0_S50,S-1,bacon3,0.0,50,Failed to find a simple closing relation.,0.0000,0.00,Failed
bacon3_S-1_N0.0_S51,S-1,bacon3,0.0,51,Failed to find a simple closing relation.,0.0000,0.00,Failed
bacon7_S-1_N0.0_S42,S-1,bacon7,0.0,42,No law found,0.0000,0.00,Failed
bacon7_S-1_N0.0_S43,S-1,bacon7,0.0,43,No law found,0.0000,0.00,Failed
bacon7_S-1_N0.0_S44,S-1,bacon7,0.0,44,No law found,0.0000,0.00,Failed
bacon7_S-1_N0.0_S45,S-1,bacon7,0.0,45,No law found,0.0000,0.00,Failed
bacon7_S-1_N0.0_S46,S-1,bacon7,0.0,46,No law found,0.0000,0.00,Failed
bacon7_S-1_N0.0_S47,S-1,bacon7,0.0,47,No law found,0.0000,0.00,Failed
bacon7_S-1_N0.0_S48,S-1,bacon7,0.0,48,No law found,0.0000,0.00,Failed
bacon7_S-1_N0.0_S49,S-1,bacon7,0.0,49,No law found,0.0000,0.00,Failed
bacon7_S-1_N0.0_S50,S-1,bacon7,0.0,50,No law found,0.0000,0.00,Failed
bacon7_S-1_N0.0_S51,S-1,bacon7,0.0,51,No law found,0.0000,0.00,Failed
bacon3_S-1_N0.01_S42,S-1,bacon3,0.01,42,Failed to find a simple closing relation.,0.0000,0.00,Failed
bacon3_S-1_N0.01_S43,S-1,bacon3,0.01,43,Failed to find a simple closing relation.,0.0000,0.00,Failed
bacon3_S-1_N0.01_S44,S-1,bacon3,0.01,44,Failed to find a simple closing relation.,0.0000,0.00,Failed
bacon3_S-1_N0.01_S45,S-1,bacon3,0.01,45,Failed to find a simple closing relation.,0.0000,0.00,Failed
bacon3_S-1_N0.01_S46,S-1,bacon3,0.01,46,Failed to find a simple closing relation.,0.0000,0.00,Failed
bacon3_S-1_N0.01_S47,S-1,bacon3,0.01,47,Failed to find a simple closing relation.,0.0000,0.00,Failed
bacon3_S-1_N0.01_S48,S-1,bacon3,0.01,48,Failed to find a simple closing relation.,0.0000,0.00,Failed
bacon3_S-1_N0.01_S49,S-1,bacon3,0.01,49,Failed to find a simple closing relation.,0.0000,0.00,Failed
bacon3_S-1_N0.01_S50,S-1,bacon3,0.01,50,Failed to find a simple closing relation.,0.0000,0.00,Failed
bacon3_S-1_N0.01_S51,S-1,bacon3,0.01,51,Failed to find a simple closing relation.,0.0000,0.00,Failed
bacon7_S-1_N0.01_S42,S-1,bacon7,0.01,42,No law found,0.0000,0.00,Failed
bacon7_S-1_N0.01_S43,S-1,bacon7,0.01,43,No law found,0.0000,0.00,Failed
bacon7_S-1_N0.01_S44,S-1,bacon7,0.01,44,No law found,0.0000,0.00,Failed
bacon7_S-1_N0.01_S45,S-1,bacon7,0.01,45,No law found,0.0000,0.00,Failed
bacon7_S-1_N0.01_S46,S-1,bacon7,0.01,46,No law found,0.0000,0.00,Failed
bacon7_S-1_N0.01_S47,S-1,bacon7,0.01,47,No law found,0.0000,0.00,Failed
bacon7_S-1_N0.01_S48,S-1,bacon7,0.01,48,No law found,0.0000,0.00,Failed
bacon7_S-1_N0.01_S49,S-1,bacon7,0.01,49,No law found,0.0000,0.00,Failed
bacon7_S-1_N0.01_S50,S-1,bacon7,0.01,50,No law found,0.0000,0.00,Failed
bacon7_S-1_N0.01_S51,S-1,bacon7,0.01,51,No law found,0.0000,0.00,Failed
bacon3_S-1_N0.02_S42,S-1,bacon3,0.02,42,Failed to find a simple closing relation.,0.0000,0.00,Failed
bacon3_S-1_N0.02_S43,S-1,bacon3,0.02,43,Failed to find a simple closing relation.,0.0000,0.00,Failed
bacon3_S-1_N0.02_S44,S-1,bacon3,0.02,44,Failed to find a simple closing relation.,0.0000,0.00,Failed
bacon3_S-1_N0.02_S45,S-1,bacon3,0.02,45,Failed to find a simple closing relation.,0.0000,0.00,Failed
bacon3_S-1_N0.02_S46,S-1,bacon3,0.02,46,Failed to find a simple closing relation.,0.0000,0.00,Failed
bacon3_S-1_N0.02_S47,S-1,bacon3,0.02,47,Failed to find a simple closing relation.,0.0000,0.00,Failed
bacon3_S-1_N0.02_S48,S-1,bacon3,0.02,48,Failed to find a simple closing relation.,0.0000,0.00,Failed
bacon3_S-1_N0.02_S49,S-1,bacon3,0.02,49,Failed to find a simple closing relation.,0.0000,0.00,Failed
bacon3_S-1_N0.02_S50,S-1,bacon3,0.02,50,Failed to find a simple closing relation.,0.0000,0.00,Failed
bacon3_S-1_N0.02_S51,S-1,bacon3,0.02,51,Failed to find a simple closing relation.,0.0000,0.00,Failed
bacon7_S-1_N0.02_S42,S-1,bacon7,0.02,42,No law found,0.0000,0.00,Failed
bacon7_S-1_N0.02_S43,S-1,bacon7,0.02,43,No law found,0.0000,0.00,Failed
bacon7_S-1_N0.02_S44,S-1,bacon7,0.02,44,No law found,0.0000,0.00,Failed
bacon7_S-1_N0.02_S45,S-1,bacon7,0.02,45,No law found,0.0000,0.00,Failed
bacon7_S-1_N0.02_S46,S-1,bacon7,0.02,46,No law found,0.0000,0.00,Failed
bacon7_S-1_N0.02_S47,S-1,bacon7,0.02,47,No law found,0.0000,0.00,Failed
bacon7_S-1_N0.02_S48,S-1,bacon7,0.02,48,No law found,0.0000,0.00,Failed
bacon7_S-1_N0.02_S49,S-1,bacon7,0.02,49,No law found,0.0000,0.00,Failed
bacon7_S-1_N0.02_S50,S-1,bacon7,0.02,50,No law found,0.0000,0.00,Failed
bacon7_S-1_N0.02_S51,S-1,bacon7,0.02,51,No law found,0.0000,0.00,Failed
bacon3_S-1_N0.05_S42,S-1,bacon3,0.05,42,Failed to find a simple closing relation.,0.0000,0.00,Failed
bacon3_S-1_N0.05_S43,S-1,bacon3,0.05,43,Failed to find a simple closing relation.,0.0000,0.00,Failed
bacon3_S-1_N0.05_S44,S-1,bacon3,0.05,44,Failed to find a simple closing relation.,0.0000,0.00,Failed
bacon3_S-1_N0.05_S45,S-1,bacon3,0.05,45,Failed to find a simple closing relation.,0.0000,0.00,Failed
bacon3_S-1_N0.05_S46,S-1,bacon3,0.05,46,Failed to find a simple closing relation.,0.0000,0.00,Failed
bacon3_S-1_N0.05_S47,S-1,bacon3,0.05,47,Failed to find a simple closing relation.,0.0000,0.00,Failed
bacon3_S-1_N0.05_S48,S-1,bacon3,0.05,48,Failed to find a simple closing relation.,0.0000,0.00,Failed
bacon3_S-1_N0.05_S49,S-1,bacon3,0.05,49,Failed to find a simple closing relation.,0.0000,0.00,Failed
bacon3_S-1_N0.05_S50,S-1,bacon3,0.05,50,Failed to find a simple closing relation.,0.0000,0.00,Failed
bacon3_S-1_N0.05_S51,S-1,bacon3,0.05,51,Failed to find a simple closing relation.,0.0000,0.00,Failed
bacon7_S-1_N0.05_S42,S-1,bacon7,0.05,42,No law found,0.0000,0.00,Failed
bacon7_S-1_N0.05_S43,S-1,bacon7,0.05,43,No law found,0.0000,0.00,Failed
bacon7_S-1_N0.05_S44,S-1,bacon7,0.05,44,No law found,0.0000,0.00,Failed
bacon7_S-1_N0.05_S45,S-1,bacon7,0.05,45,No law found,0.0000,0.00,Failed
bacon7_S-1_N0.05_S46,S-1,bacon7,0.05,46,No law found,0.0000,0.00,Failed
bacon7_S-1_N0.05_S47,S-1,bacon7,0.05,47,No law found,0.0000,0.00,Failed
bacon7_S-1_N0.05_S48,S-1,bacon7,0.05,48,No law found,0.0000,0.00,Failed
bacon7_S-1_N0.05_S49,S-1,bacon7,0.05,49,No law found,0.0000,0.00,Failed
bacon7_S-1_N0.05_S50,S-1,bacon7,0.05,50,No law found,0.0000,0.00,Failed
bacon7_S-1_N0.05_S51,S-1,bacon7,0.05,51,No law found,0.0000,0.00,Failed
bacon3_S-1_N0.1_S42,S-1,bacon3,0.1,42,Failed to find a simple closing relation.,0.0000,0.00,Failed
bacon3_S-1_N0.1_S43,S-1,bacon3,0.1,43,Failed to find a simple closing relation.,0.0000,0.00,Failed
bacon3_S-1_N0.1_S44,S-1,bacon3,0.1,44,Failed to find a simple closing relation.,0.0000,0.00,Failed
bacon3_S-1_N0.1_S45,S-1,bacon3,0.1,45,Failed to find a simple closing relation.,0.0000,0.00,Failed
bacon3_S-1_N0.1_S46,S-1,bacon3,0.1,46,Failed to find a simple closing relation.,0.0000,0.00,Failed
bacon3_S-1_N0.1_S47,S-1,bacon3,0.1,47,Failed to find a simple closing relation.,0.0000,0.00,Failed
bacon3_S-1_N0.1_S48,S-1,bacon3,0.1,48,Failed to find a simple closing relation.,0.0000,0.00,Failed
bacon3_S-1_N0.1_S49,S-1,bacon3,0.1,49,Failed to find a simple closing relation.,0.0000,0.00,Failed
bacon3_S-1_N0.1_S50,S-1,bacon3,0.1,50,Failed to find a simple closing relation.,0.0000,0.00,Failed
bacon3_S-1_N0.1_S51,S-1,bacon3,0.1,51,Failed to find a simple closing relation.,0.0000,0.00,Failed
bacon7_S-1_N0.1_S42,S-1,bacon7,0.1,42,No law found,0.0000,0.00,Failed
bacon7_S-1_N0.1_S43,S-1,bacon7,0.1,43,No law found,0.0000,0.00,Failed
bacon7_S-1_N0.1_S44,S-1,bacon7,0.1,44,No law found,0.0000,0.00,Failed
bacon7_S-1_N0.1_S45,S-1,bacon7,0.1,45,No law found,0.0000,0.00,Failed
bacon7_S-1_N0.1_S46,S-1,bacon7,0.1,46,No law found,0.0000,0.00,Failed
bacon7_S-1_N0.1_S47,S-1,bacon7,0.1,47,No law found,0.0000,0.00,Failed
bacon7_S-1_N0.1_S48,S-1,bacon7,0.1,48,No law found,0.0000,0.00,Failed
bacon7_S-1_N0.1_S49,S-1,bacon7,0.1,49,No law found,0.0000,0.00,Failed
bacon7_S-1_N0.1_S50,S-1,bacon7,0.1,50,No law found,0.0000,0.00,Failed
bacon7_S-1_N0.1_S51,S-1,bacon7,0.1,51,No law found,0.0000,0.00,Failed
bacon3_S-2_N0.0_S42,S-2,bacon3,0.0,42,y = 1 * (x1*x2) + 0,1.0000,0.05,Success
bacon3_S-2_N0.0_S43,S-2,bacon3,0.0,43,y = 1 * (x1*x2) + 0,1.0000,0.04,Success
bacon3_S-2_N0.0_S44,S-2,bacon3,0.0,44,y = 1 * (x1*x2) + 0,1.0000,0.03,Success
bacon3_S-2_N0.0_S45,S-2,bacon3,0.0,45,y = 1 * (x1*x2) + 0,1.0000,0.03,Success
bacon3_S-2_N0.0_S46,S-2,bacon3,0.0,46,y = 1 * (x1*x2) + 0,1.0000,0.04,Success
bacon3_S-2_N0.0_S47,S-2,bacon3,0.0,47,y = 1 * (x1*x2) + 0,1.0000,0.03,Success
bacon3_S-2_N0.0_S48,S-2,bacon3,0.0,48,y = 1 * (x1*x2) + 0,1.0000,0.03,Success
bacon3_S-2_N0.0_S49,S-2,bacon3,0.0,49,y = 1 * (x1*x2) + 0,1.0000,0.04,Success
bacon3_S-2_N0.0_S50,S-2,bacon3,0.0,50,y = 1 * (x1*x2) + 0,1.0000,0.03,Success
bacon3_S-2_N0.0_S51,S-2,bacon3,0.0,51,y = 1 * (x1*x2) + 0,1.0000,0.03,Success
bacon7_S-2_N0.0_S42,S-2,bacon7,0.0,42,y/(x1*x2) = 1,1.0000,0.04,Success
bacon7_S-2_N0.0_S43,S-2,bacon7,0.0,43,y/(x1*x2) = 1,1.0000,0.00,Success
bacon7_S-2_N0.0_S44,S-2,bacon7,0.0,44,y/(x1*x2) = 1,1.0000,0.00,Success
bacon7_S-2_N0.0_S45,S-2,bacon7,0.0,45,y/(x1*x2) = 1,1.0000,0.00,Success
bacon7_S-2_N0.0_S46,S-2,bacon7,0.0,46,y/(x1*x2) = 1,1.0000,0.00,Success
bacon7_S-2_N0.0_S47,S-2,bacon7,0.0,47,y/(x1*x2) = 1,1.0000,0.00,Success
bacon7_S-2_N0.0_S48,S-2,bacon7,0.0,48,y/(x1*x2) = 1,1.0000,0.00,Success
bacon7_S-2_N0.0_S49,S-2,bacon7,0.0,49,y/(x1*x2) = 1,1.0000,0.00,Success
bacon7_S-2_N0.0_S50,S-2,bacon7,0.0,50,y/(x1*x2) = 1,1.0000,0.00,Success
bacon7_S-2_N0.0_S51,S-2,bacon7,0.0,51,y/(x1*x2) = 1,1.0000,0.00,Success
bacon3_S-2_N0.01_S42,S-2,bacon3,0.01,42,y = 0.9964 * (x1*x2) + 0.03639,0.9982,0.03,Success
bacon3_S-2_N0.01_S43,S-2,bacon3,0.01,43,y = 0.9949 * (x1*x2) + 0.02124,0.9980,0.04,Success
bacon3_S-2_N0.01_S44,S-2,bacon3,0.01,44,y = 0.9953 * (y**2/(x1*x2)) + 0.05573,0.9985,0.04,Success
bacon3_S-2_N0.01_S45,S-2,bacon3,0.01,45,y = 1.001 * (x1*x2) - 0.0149,0.9982,0.03,Success
bacon3_S-2_N0.01_S46,S-2,bacon3,0.01,46,y = 0.9935 * (y**2/(x1*x2)) + 0.02979,0.9982,0.03,Success
bacon3_S-2_N0.01_S47,S-2,bacon3,0.01,47,y = 0.9972 * (x1*x2) + 0.02319,0.9980,0.03,Success
bacon3_S-2_N0.01_S48,S-2,bacon3,0.01,48,y = 0.9964 * (x1*x2) + 0.04487,0.9978,0.03,Success
bacon3_S-2_N0.01_S49,S-2,bacon3,0.01,49,y = 0.9987 * (x1*x2) + 0.008075,0.9982,0.04,Success
bacon3_S-2_N0.01_S50,S-2,bacon3,0.01,50,y = 0.9944 * (x1*x2) + 0.02562,0.9980,0.03,Success
bacon3_S-2_N0.01_S51,S-2,bacon3,0.01,51,y = 0.998 * (x1*x2) + 0.008501,0.9980,0.03,Success
bacon7_S-2_N0.01_S42,S-2,bacon7,0.01,42,y/(x1*x2) = 1.001,0.9981,0.01,Success
bacon7_S-2_N0.01_S43,S-2,bacon7,0.01,43,y/(x1*x2) = 0.9994,0.9980,0.01,Success
bacon7_S-2_N0.01_S44,S-2,bacon7,0.01,44,y/(x1*x2) = 0.9949,0.9984,0.01,Success
bacon7_S-2_N0.01_S45,S-2,bacon7,0.01,45,y/(x1*x2) = 0.9991,0.9982,0.01,Success
bacon7_S-2_N0.01_S46,S-2,bacon7,0.01,46,y/(x1*x2) = 1.002,0.9982,0.01,Success
bacon7_S-2_N0.01_S47,S-2,bacon7,0.01,47,y/(x1*x2) = 1.001,0.9980,0.01,Success
bacon7_S-2_N0.01_S48,S-2,bacon7,0.01,48,y/(x1*x2) = 1.004,0.9977,0.01,Success
bacon7_S-2_N0.01_S49,S-2,bacon7,0.01,49,y/(x1*x2) = 1,0.9982,0.01,Success
bacon7_S-2_N0.01_S50,S-2,bacon7,0.01,50,y/(x1*x2) = 0.9984,0.9980,0.01,Success
bacon7_S-2_N0.01_S51,S-2,bacon7,0.01,51,y/(x1*x2) = 0.9989,0.9980,0.01,Success
bacon3_S-2_N0.02_S42,S-2,bacon3,0.02,42,y = 0.9928 * (x1*x2) + 0.07278,0.9927,0.03,Success
bacon3_S-2_N0.02_S43,S-2,bacon3,0.02,43,y = 0.9897 * (x1*x2) + 0.04248,0.9921,0.03,Success
bacon3_S-2_N0.02_S44,S-2,bacon3,0.02,44,y = 0.9857 * (y**2/(x1*x2)) + 0.1387,0.9940,0.03,Success
bacon3_S-2_N0.02_S45,S-2,bacon3,0.02,45,y = 1.002 * (x1*x2) - 0.0298,0.9930,0.03,Success
bacon3_S-2_N0.02_S46,S-2,bacon3,0.02,46,y = 0.9818 * (y**2/(x1*x2)) + 0.0918,0.9932,0.03,Success
bacon3_S-2_N0.02_S47,S-2,bacon3,0.02,47,y = 0.9945 * (x1*x2) + 0.04637,0.9922,0.03,Success
bacon3_S-2_N0.02_S48,S-2,bacon3,0.02,48,y = 0.9927 * (x1*x2) + 0.08973,0.9912,0.03,Success
bacon3_S-2_N0.02_S49,S-2,bacon3,0.02,49,y = 0.9974 * (x1*x2) + 0.01615,0.9930,0.06,Success
bacon3_S-2_N0.02_S50,S-2,bacon3,0.02,50,y = 0.9887 * (x1*x2) + 0.05123,0.9919,0.03,Success
bacon3_S-2_N0.02_S51,S-2,bacon3,0.02,51,y = 0.9959 * (x1*x2) + 0.017,0.9919,0.03,Success
bacon7_S-2_N0.02_S42,S-2,bacon7,0.02,42,y/(x1*x2) = 1.003,0.9925,0.01,Success
bacon7_S-2_N0.02_S43,S-2,bacon7,0.02,43,y/(x1*x2) = 0.9987,0.9920,0.01,Success
bacon7_S-2_N0.02_S44,S-2,bacon7,0.02,44,y/(x1*x2) = 0.9898,0.9935,0.01,Success
bacon7_S-2_N0.02_S45,S-2,bacon7,0.02,45,y/(x1*x2) = 0.9983,0.9930,0.01,Success
bacon7_S-2_N0.02_S46,S-2,bacon7,0.02,46,y/(x1*x2) = 1.005,0.9929,0.01,Success
bacon7_S-2_N0.02_S47,S-2,bacon7,0.02,47,y/(x1*x2) = 1.001,0.9921,0.01,Success
bacon7_S-2_N0.02_S48,S-2,bacon7,0.02,48,y/(x1*x2) = 1.007,0.9909,0.01,Success
bacon7_S-2_N0.02_S49,S-2,bacon7,0.02,49,y/(x1*x2) = 1.001,0.9929,0.01,Success
bacon7_S-2_N0.02_S50,S-2,bacon7,0.02,50,y/(x1*x2) = 0.9968,0.9919,0.01,Success
bacon7_S-2_N0.02_S51,S-2,bacon7,0.02,51,y/(x1*x2) = 0.9978,0.9918,0.01,Success
bacon3_S-2_N0.05_S42,S-2,bacon3,0.05,42,y = 0.04499 * (y**2) + 4.215,0.9284,0.01,Success
bacon3_S-2_N0.05_S43,S-2,bacon3,0.05,43,y = 0.04598 * (y**2) + 4.152,0.9346,0.01,Success
bacon3_S-2_N0.05_S44,S-2,bacon3,0.05,44,y = 0.04354 * (y**2) + 4.073,0.9381,0.02,Success
bacon3_S-2_N0.05_S45,S-2,bacon3,0.05,45,y = 0.04544 * (y**2) + 4.148,0.9361,0.01,Success
bacon3_S-2_N0.05_S46,S-2,bacon3,0.05,46,y = 0.04273 * (y**2) + 4.322,0.9180,0.01,Success
bacon3_S-2_N0.05_S47,S-2,bacon3,0.05,47,y = 0.04079 * (y**2) + 4.67,0.9239,0.01,Success
bacon3_S-2_N0.05_S48,S-2,bacon3,0.05,48,y = 0.04362 * (y**2) + 4.368,0.9336,0.01,Success
bacon3_S-2_N0.05_S49,S-2,bacon3,0.05,49,y = 0.04563 * (y**2) + 4.03,0.9358,0.01,Success
bacon3_S-2_N0.05_S50,S-2,bacon3,0.05,50,y = 0.04493 * (y**2) + 4.226,0.9339,0.01,Success
bacon3_S-2_N0.05_S51,S-2,bacon3,0.05,51,y = 0.04268 * (y**2) + 4.297,0.9244,0.01,Success
bacon7_S-2_N0.05_S42,S-2,bacon7,0.05,42,y/(x1*x2) = 1.007,0.9542,0.01,Success
bacon7_S-2_N0.05_S43,S-2,bacon7,0.05,43,y/(x1*x2) = 0.9968,0.9502,0.01,Success
bacon7_S-2_N0.05_S44,S-2,bacon7,0.05,44,y/(x1*x2) = 0.9744,0.9612,0.01,Success
bacon7_S-2_N0.05_S45,S-2,bacon7,0.05,45,y/(x1*x2) = 0.9956,0.9581,0.01,Success
bacon7_S-2_N0.05_S46,S-2,bacon7,0.05,46,y/(x1*x2) = 1.012,0.9584,0.01,Success
bacon7_S-2_N0.05_S47,S-2,bacon7,0.05,47,y/(x1*x2) = 1.003,0.9519,0.01,Success
bacon7_S-2_N0.05_S48,S-2,bacon7,0.05,48,y/(x1*x2) = 1.018,0.9447,0.01,Success
bacon7_S-2_N0.05_S49,S-2,bacon7,0.05,49,y/(x1*x2) = 1.001,0.9572,0.01,Success
bacon7_S-2_N0.05_S50,S-2,bacon7,0.05,50,y/(x1*x2) = 0.992,0.9495,0.01,Success
bacon7_S-2_N0.05_S51,S-2,bacon7,0.05,51,y/(x1*x2) = 0.9945,0.9506,0.01,Success
bacon3_S-2_N0.1_S42,S-2,bacon3,0.1,42,y = 0.04498 * (y**2) + 4.108,0.9050,0.01,Success
bacon3_S-2_N0.1_S43,S-2,bacon3,0.1,43,y = 0.04637 * (y**2) + 3.982,0.9088,0.01,Success
bacon3_S-2_N0.1_S44,S-2,bacon3,0.1,44,y = 0.04405 * (y**2) + 3.817,0.9207,0.02,Success
bacon3_S-2_N0.1_S45,S-2,bacon3,0.1,45,y = 0.04539 * (y**2) + 3.992,0.9181,0.01,Success
bacon3_S-2_N0.1_S46,S-2,bacon3,0.1,46,Failed to find a simple closing relation.,0.0000,0.01,Failed
bacon3_S-2_N0.1_S47,S-2,bacon3,0.1,47,y = 0.04059 * (y**2) + 4.565,0.9052,0.01,Success
bacon3_S-2_N0.1_S48,S-2,bacon3,0.1,48,y = 0.04351 * (y**2) + 4.254,0.9203,0.01,Success
bacon3_S-2_N0.1_S49,S-2,bacon3,0.1,49,y = 0.04518 * (y**2) + 3.935,0.9105,0.01,Success
bacon3_S-2_N0.1_S50,S-2,bacon3,0.1,50,y = 0.04595 * (y**2) + 4,0.9130,0.01,Success
bacon3_S-2_N0.1_S51,S-2,bacon3,0.1,51,Failed to find a simple closing relation.,0.0000,0.01,Failed
bacon7_S-2_N0.1_S42,S-2,bacon7,0.1,42,No law found,0.0000,0.00,Failed
bacon7_S-2_N0.1_S43,S-2,bacon7,0.1,43,No law found,0.0000,0.00,Failed
bacon7_S-2_N0.1_S44,S-2,bacon7,0.1,44,No law found,0.0000,0.00,Failed
bacon7_S-2_N0.1_S45,S-2,bacon7,0.1,45,No law found,0.0000,0.00,Failed
bacon7_S-2_N0.1_S46,S-2,bacon7,0.1,46,No law found,0.0000,0.00,Failed
bacon7_S-2_N0.1_S47,S-2,bacon7,0.1,47,No law found,0.0000,0.00,Failed
bacon7_S-2_N0.1_S48,S-2,bacon7,0.1,48,No law found,0.0000,0.00,Failed
bacon7_S-2_N0.1_S49,S-2,bacon7,0.1,49,No law found,0.0000,0.00,Failed
bacon7_S-2_N0.1_S50,S-2,bacon7,0.1,50,No law found,0.0000,0.00,Failed
bacon7_S-2_N0.1_S51,S-2,bacon7,0.1,51,No law found,0.0000,0.00,Failed
bacon3_S-3_N0.0_S42,S-3,bacon3,0.0,42,Failed to find a simple closing relation.,0.0000,0.04,Failed
bacon3_S-3_N0.0_S43,S-3,bacon3,0.0,43,Failed to find a simple closing relation.,0.0000,0.05,Failed
bacon3_S-3_N0.0_S44,S-3,bacon3,0.0,44,Failed to find a simple closing relation.,0.0000,0.04,Failed
bacon3_S-3_N0.0_S45,S-3,bacon3,0.0,45,Failed to find a simple closing relation.,0.0000,0.05,Failed
bacon3_S-3_N0.0_S46,S-3,bacon3,0.0,46,Failed to find a simple closing relation.,0.0000,0.04,Failed
bacon3_S-3_N0.0_S47,S-3,bacon3,0.0,47,Failed to find a simple closing relation.,0.0000,0.04,Failed
bacon3_S-3_N0.0_S48,S-3,bacon3,0.0,48,Failed to find a simple closing relation.,0.0000,0.05,Failed
bacon3_S-3_N0.0_S49,S-3,bacon3,0.0,49,Failed to find a simple closing relation.,0.0000,0.05,Failed
bacon3_S-3_N0.0_S50,S-3,bacon3,0.0,50,Failed to find a simple closing relation.,0.0000,0.06,Failed
bacon3_S-3_N0.0_S51,S-3,bacon3,0.0,51,Failed to find a simple closing relation.,0.0000,0.06,Failed
bacon7_S-3_N0.0_S42,S-3,bacon7,0.0,42,x2*y/x1 = 0.8075,0.7778,0.01,Success
bacon7_S-3_N0.0_S43,S-3,bacon7,0.0,43,x2*y/x1 = 0.8102,0.7864,0.01,Success
bacon7_S-3_N0.0_S44,S-3,bacon7,0.0,44,x2*y/x1 = 0.799,0.7652,0.01,Success
bacon7_S-3_N0.0_S45,S-3,bacon7,0.0,45,x2*y/x1 = 0.8076,0.7529,0.01,Success
bacon7_S-3_N0.0_S46,S-3,bacon7,0.0,46,x2*y/x1 = 0.8075,0.7828,0.01,Success
bacon7_S-3_N0.0_S47,S-3,bacon7,0.0,47,x2*y/x1 = 0.8198,0.7807,0.01,Success
bacon7_S-3_N0.0_S48,S-3,bacon7,0.0,48,x2*y/x1 = 0.8058,0.8099,0.01,Success
bacon7_S-3_N0.0_S49,S-3,bacon7,0.0,49,x2*y/x1 = 0.8026,0.8171,0.01,Success
bacon7_S-3_N0.0_S50,S-3,bacon7,0.0,50,x2*y/x1 = 0.8071,0.7939,0.01,Success
bacon7_S-3_N0.0_S51,S-3,bacon7,0.0,51,x2*y/x1 = 0.8085,0.7767,0.01,Success
bacon3_S-3_N0.01_S42,S-3,bacon3,0.01,42,y = 0.5731 * (x1/x2) + 0.2289,0.9567,0.04,Success
bacon3_S-3_N0.01_S43,S-3,bacon3,0.01,43,y = 0.5783 * (x1/x2) + 0.2211,0.9617,0.05,Success
bacon3_S-3_N0.01_S44,S-3,bacon3,0.01,44,y = 0.5619 * (x1/x2) + 0.2395,0.9536,0.04,Success
bacon3_S-3_N0.01_S45,S-3,bacon3,0.01,45,y = 0.558 * (x1/x2) + 0.2477,0.9578,0.06,Success
bacon3_S-3_N0.01_S46,S-3,bacon3,0.01,46,y = 0.5784 * (x1/x2) + 0.213,0.9475,0.04,Success
bacon3_S-3_N0.01_S47,S-3,bacon3,0.01,47,y = 0.5789 * (x1/x2) + 0.2276,0.9601,0.04,Success
bacon3_S-3_N0.01_S48,S-3,bacon3,0.01,48,y = 0.5894 * (x1/x2) + 0.2222,0.9560,0.04,Success
bacon3_S-3_N0.01_S49,S-3,bacon3,0.01,49,y = 0.5852 * (x1/x2) + 0.2154,0.9581,0.03,Success
bacon3_S-3_N0.01_S50,S-3,bacon3,0.01,50,y = 0.578 * (x1/x2) + 0.2219,0.9626,0.04,Success
bacon3_S-3_N0.01_S51,S-3,bacon3,0.01,51,y = 0.57 * (x1/x2) + 0.2323,0.9551,0.04,Success
bacon7_S-3_N0.01_S42,S-3,bacon7,0.01,42,x2*y/x1 = 0.8113,0.7728,0.01,Success
bacon7_S-3_N0.01_S43,S-3,bacon7,0.01,43,x2*y/x1 = 0.803,0.8014,0.01,Success
bacon7_S-3_N0.01_S44,S-3,bacon7,0.01,44,x2*y/x1 = 0.7917,0.7755,0.01,Success
bacon7_S-3_N0.01_S45,S-3,bacon7,0.01,45,x2*y/x1 = 0.8054,0.7487,0.01,Success
bacon7_S-3_N0.01_S46,S-3,bacon7,0.01,46,x2*y/x1 = 0.8076,0.7825,0.01,Success
bacon7_S-3_N0.01_S47,S-3,bacon7,0.01,47,x2*y/x1 = 0.8205,0.7780,0.01,Success
bacon7_S-3_N0.01_S48,S-3,bacon7,0.01,48,x2*y/x1 = 0.8108,0.8034,0.01,Success
bacon7_S-3_N0.01_S49,S-3,bacon7,0.01,49,x2*y/x1 = 0.8066,0.8030,0.01,Success
bacon7_S-3_N0.01_S50,S-3,bacon7,0.01,50,x2*y/x1 = 0.7999,0.8043,0.01,Success
bacon7_S-3_N0.01_S51,S-3,bacon7,0.01,51,x2*y/x1 = 0.8081,0.7717,0.01,Success
bacon3_S-3_N0.02_S42,S-3,bacon3,0.02,42,Failed to find a simple closing relation.,0.0000,0.01,Failed
bacon3_S-3_N0.02_S43,S-3,bacon3,0.02,43,y = 0.5807 * (x1/x2) + 0.2133,0.9561,0.04,Success
bacon3_S-3_N0.02_S44,S-3,bacon3,0.02,44,Failed to find a simple closing relation.,0.0000,0.01,Failed
bacon3_S-3_N0.02_S45,S-3,bacon3,0.02,45,y = 0.5554 * (x1/x2) + 0.2501,0.9497,0.04,Success
bacon3_S-3_N0.02_S46,S-3,bacon3,0.02,46,y = 0.3088 * (y**2) + 0.524,0.9033,0.01,Success
bacon3_S-3_N0.02_S47,S-3,bacon3,0.02,47,Failed to find a simple closing relation.,0.0000,0.01,Failed
bacon3_S-3_N0.02_S48,S-3,bacon3,0.02,48,y = 0.5904 * (x1/x2) + 0.2228,0.9506,0.03,Success
bacon3_S-3_N0.02_S49,S-3,bacon3,0.02,49,y = 0.2841 * (y**2) + 0.5736,0.9074,0.01,Success
bacon3_S-3_N0.02_S50,S-3,bacon3,0.02,50,y = 0.5782 * (x1/x2) + 0.2168,0.9556,0.04,Success
bacon3_S-3_N0.02_S51,S-3,bacon3,0.02,51,Failed to find a simple closing relation.,0.0000,0.01,Failed
bacon7_S-3_N0.02_S42,S-3,bacon7,0.02,42,x2*y/x1 = 0.815,0.7627,0.01,Success
bacon7_S-3_N0.02_S43,S-3,bacon7,0.02,43,x2*y/x1 = 0.7957,0.8116,0.01,Success
bacon7_S-3_N0.02_S44,S-3,bacon7,0.02,44,x2*y/x1 = 0.7844,0.7804,0.01,Success
bacon7_S-3_N0.02_S45,S-3,bacon7,0.02,45,x2*y/x1 = 0.8033,0.7404,0.01,Success
bacon7_S-3_N0.02_S46,S-3,bacon7,0.02,46,x2*y/x1 = 0.8076,0.7790,0.01,Success
bacon7_S-3_N0.02_S47,S-3,bacon7,0.02,47,x2*y/x1 = 0.8213,0.7704,0.01,Success
bacon7_S-3_N0.02_S48,S-3,bacon7,0.02,48,x2*y/x1 = 0.8157,0.7927,0.01,Success
bacon7_S-3_N0.02_S49,S-3,bacon7,0.02,49,x2*y/x1 = 0.8105,0.7844,0.01,Success
bacon7_S-3_N0.02_S50,S-3,bacon7,0.02,50,x2*y/x1 = 0.7928,0.8096,0.01,Success
bacon7_S-3_N0.02_S51,S-3,bacon7,0.02,51,x2*y/x1 = 0.8077,0.7623,0.01,Success
bacon3_S-3_N0.05_S42,S-3,bacon3,0.05,42,Failed to find a simple closing relation.,0.0000,0.01,Failed
bacon3_S-3_N0.05_S43,S-3,bacon3,0.05,43,Failed to find a simple closing relation.,0.0000,0.01,Failed
bacon3_S-3_N0.05_S44,S-3,bacon3,0.05,44,Failed to find a simple closing relation.,0.0000,0.01,Failed
bacon3_S-3_N0.05_S45,S-3,bacon3,0.05,45,Failed to find a simple closing relation.,0.0000,0.01,Failed
bacon3_S-3_N0.05_S46,S-3,bacon3,0.05,46,Failed to find a simple closing relation.,0.0000,0.01,Failed
bacon3_S-3_N0.05_S47,S-3,bacon3,0.05,47,Failed to find a simple closing relation.,0.0000,0.01,Failed
bacon3_S-3_N0.05_S48,S-3,bacon3,0.05,48,Failed to find a simple closing relation.,0.0000,0.01,Failed
bacon3_S-3_N0.05_S49,S-3,bacon3,0.05,49,Failed to find a simple closing relation.,0.0000,0.01,Failed
bacon3_S-3_N0.05_S50,S-3,bacon3,0.05,50,Failed to find a simple closing relation.,0.0000,0.01,Failed
bacon3_S-3_N0.05_S51,S-3,bacon3,0.05,51,Failed to find a simple closing relation.,0.0000,0.01,Failed
bacon7_S-3_N0.05_S42,S-3,bacon7,0.05,42,No law found,0.0000,0.00,Failed
bacon7_S-3_N0.05_S43,S-3,bacon7,0.05,43,No law found,0.0000,0.00,Failed
bacon7_S-3_N0.05_S44,S-3,bacon7,0.05,44,No law found,0.0000,0.00,Failed
bacon7_S-3_N0.05_S45,S-3,bacon7,0.05,45,No law found,0.0000,0.00,Failed
bacon7_S-3_N0.05_S46,S-3,bacon7,0.05,46,No law found,0.0000,0.00,Failed
bacon7_S-3_N0.05_S47,S-3,bacon7,0.05,47,No law found,0.0000,0.00,Failed
bacon7_S-3_N0.05_S48,S-3,bacon7,0.05,48,No law found,0.0000,0.00,Failed
bacon7_S-3_N0.05_S49,S-3,bacon7,0.05,49,No law found,0.0000,0.00,Failed
bacon7_S-3_N0.05_S50,S-3,bacon7,0.05,50,No law found,0.0000,0.00,Failed
bacon7_S-3_N0.05_S51,S-3,bacon7,0.05,51,No law found,0.0000,0.00,Failed
bacon3_S-3_N0.1_S42,S-3,bacon3,0.1,42,Failed to find a simple closing relation.,0.0000,0.01,Failed
bacon3_S-3_N0.1_S43,S-3,bacon3,0.1,43,Failed to find a simple closing relation.,0.0000,0.01,Failed
bacon3_S-3_N0.1_S44,S-3,bacon3,0.1,44,Failed to find a simple closing relation.,0.0000,0.00,Failed
bacon3_S-3_N0.1_S45,S-3,bacon3,0.1,45,Failed to find a simple closing relation.,0.0000,0.01,Failed
bacon3_S-3_N0.1_S46,S-3,bacon3,0.1,46,Failed to find a simple closing relation.,0.0000,0.01,Failed
bacon3_S-3_N0.1_S47,S-3,bacon3,0.1,47,Failed to find a simple closing relation.,0.0000,0.01,Failed
bacon3_S-3_N0.1_S48,S-3,bacon3,0.1,48,Failed to find a simple closing relation.,0.0000,0.01,Failed
bacon3_S-3_N0.1_S49,S-3,bacon3,0.1,49,Failed to find a simple closing relation.,0.0000,0.01,Failed
bacon3_S-3_N0.1_S50,S-3,bacon3,0.1,50,Failed to find a simple closing relation.,0.0000,0.00,Failed
bacon3_S-3_N0.1_S51,S-3,bacon3,0.1,51,Failed to find a simple closing relation.,0.0000,0.01,Failed
bacon7_S-3_N0.1_S42,S-3,bacon7,0.1,42,No law found,0.0000,0.00,Failed
bacon7_S-3_N0.1_S43,S-3,bacon7,0.1,43,No law found,0.0000,0.00,Failed
bacon7_S-3_N0.1_S44,S-3,bacon7,0.1,44,No law found,0.0000,0.00,Failed
bacon7_S-3_N0.1_S45,S-3,bacon7,0.1,45,No law found,0.0000,0.00,Failed
bacon7_S-3_N0.1_S46,S-3,bacon7,0.1,46,No law found,0.0000,0.00,Failed
bacon7_S-3_N0.1_S47,S-3,bacon7,0.1,47,No law found,0.0000,0.00,Failed
bacon7_S-3_N0.1_S48,S-3,bacon7,0.1,48,No law found,0.0000,0.00,Failed
bacon7_S-3_N0.1_S49,S-3,bacon7,0.1,49,No law found,0.0000,0.00,Failed
bacon7_S-3_N0.1_S50,S-3,bacon7,0.1,50,No law found,0.0000,0.00,Failed
bacon7_S-3_N0.1_S51,S-3,bacon7,0.1,51,No law found,0.0000,0.00,Failed
bacon3_S-4_N0.0_S42,S-4,bacon3,0.0,42,Failed to find a simple closing relation.,0.0000,0.03,Failed
bacon3_S-4_N0.0_S43,S-4,bacon3,0.0,43,Failed to find a simple closing relation.,0.0000,0.02,Failed
bacon3_S-4_N0.0_S44,S-4,bacon3,0.0,44,Failed to find a simple closing relation.,0.0000,0.01,Failed
bacon3_S-4_N0.0_S45,S-4,bacon3,0.0,45,Failed to find a simple closing relation.,0.0000,0.01,Failed
bacon3_S-4_N0.0_S46,S-4,bacon3,0.0,46,Failed to find a simple closing relation.,0.0000,0.01,Failed
bacon3_S-4_N0.0_S47,S-4,bacon3,0.0,47,Failed to find a simple closing relation.,0.0000,0.01,Failed
bacon3_S-4_N0.0_S48,S-4,bacon3,0.0,48,Failed to find a simple closing relation.,0.0000,0.01,Failed
bacon3_S-4_N0.0_S49,S-4,bacon3,0.0,49,Failed to find a simple closing relation.,0.0000,0.01,Failed
bacon3_S-4_N0.0_S50,S-4,bacon3,0.0,50,Failed to find a simple closing relation.,0.0000,0.01,Failed
bacon3_S-4_N0.0_S51,S-4,bacon3,0.0,51,Failed to find a simple closing relation.,0.0000,0.01,Failed
bacon7_S-4_N0.0_S42,S-4,bacon7,0.0,42,No law found,0.0000,0.00,Failed
bacon7_S-4_N0.0_S43,S-4,bacon7,0.0,43,No law found,0.0000,0.00,Failed
bacon7_S-4_N0.0_S44,S-4,bacon7,0.0,44,No law found,0.0000,0.00,Failed
bacon7_S-4_N0.0_S45,S-4,bacon7,0.0,45,No law found,0.0000,0.00,Failed
bacon7_S-4_N0.0_S46,S-4,bacon7,0.0,46,No law found,0.0000,0.00,Failed
bacon7_S-4_N0.0_S47,S-4,bacon7,0.0,47,No law found,0.0000,0.00,Failed
bacon7_S-4_N0.0_S48,S-4,bacon7,0.0,48,No law found,0.0000,0.00,Failed
bacon7_S-4_N0.0_S49,S-4,bacon7,0.0,49,No law found,0.0000,0.00,Failed
bacon7_S-4_N0.0_S50,S-4,bacon7,0.0,50,No law found,0.0000,0.00,Failed
bacon7_S-4_N0.0_S51,S-4,bacon7,0.0,51,No law found,0.0000,0.00,Failed
bacon3_S-4_N0.01_S42,S-4,bacon3,0.01,42,y = 0.06493 * (y**2) + 2.681,0.9045,0.01,Success
bacon3_S-4_N0.01_S43,S-4,bacon3,0.01,43,Failed to find a simple closing relation.,0.0000,0.01,Failed
bacon3_S-4_N0.01_S44,S-4,bacon3,0.01,44,Failed to find a simple closing relation.,0.0000,0.01,Failed
bacon3_S-4_N0.01_S45,S-4,bacon3,0.01,45,y = 0.06477 * (y**2) + 2.831,0.9135,0.01,Success
bacon3_S-4_N0.01_S46,S-4,bacon3,0.01,46,y = 0.06362 * (y**2) + 2.788,0.9118,0.01,Success
bacon3_S-4_N0.01_S47,S-4,bacon3,0.01,47,Failed to find a simple closing relation.,0.0000,0.01,Failed
bacon3_S-4_N0.01_S48,S-4,bacon3,0.01,48,y = 0.06667 * (y**2) + 2.653,0.9082,0.01,Success
bacon3_S-4_N0.01_S49,S-4,bacon3,0.01,49,y = 0.06803 * (y**2) + 2.646,0.9053,0.01,Success
bacon3_S-4_N0.01_S50,S-4,bacon3,0.01,50,y = 0.06724 * (y**2) + 2.591,0.9018,0.01,Success
bacon3_S-4_N0.01_S51,S-4,bacon3,0.01,51,y = 0.06372 * (y**2) + 2.767,0.9057,0.01,Success
bacon7_S-4_N0.01_S42,S-4,bacon7,0.01,42,No law found,0.0000,0.00,Failed
bacon7_S-4_N0.01_S43,S-4,bacon7,0.01,43,No law found,0.0000,0.00,Failed
bacon7_S-4_N0.01_S44,S-4,bacon7,0.01,44,No law found,0.0000,0.00,Failed
bacon7_S-4_N0.01_S45,S-4,bacon7,0.01,45,No law found,0.0000,0.00,Failed
bacon7_S-4_N0.01_S46,S-4,bacon7,0.01,46,No law found,0.0000,0.00,Failed
bacon7_S-4_N0.01_S47,S-4,bacon7,0.01,47,No law found,0.0000,0.00,Failed
bacon7_S-4_N0.01_S48,S-4,bacon7,0.01,48,No law found,0.0000,0.00,Failed
bacon7_S-4_N0.01_S49,S-4,bacon7,0.01,49,No law found,0.0000,0.00,Failed
bacon7_S-4_N0.01_S50,S-4,bacon7,0.01,50,No law found,0.0000,0.00,Failed
bacon7_S-4_N0.01_S51,S-4,bacon7,0.01,51,No law found,0.0000,0.00,Failed
bacon3_S-4_N0.02_S42,S-4,bacon3,0.02,42,y = 0.06478 * (y**2) + 2.685,0.9039,0.01,Success
bacon3_S-4_N0.02_S43,S-4,bacon3,0.02,43,Failed to find a simple closing relation.,0.0000,0.01,Failed
bacon3_S-4_N0.02_S44,S-4,bacon3,0.02,44,Failed to find a simple closing relation.,0.0000,0.01,Failed
bacon3_S-4_N0.02_S45,S-4,bacon3,0.02,45,y = 0.06472 * (y**2) + 2.831,0.9129,0.01,Success
bacon3_S-4_N0.02_S46,S-4,bacon3,0.02,46,y = 0.06354 * (y**2) + 2.789,0.9112,0.01,Success
bacon3_S-4_N0.02_S47,S-4,bacon3,0.02,47,Failed to find a simple closing relation.,0.0000,0.01,Failed
bacon3_S-4_N0.02_S48,S-4,bacon3,0.02,48,y = 0.06667 * (y**2) + 2.649,0.9084,0.01,Success
bacon3_S-4_N0.02_S49,S-4,bacon3,0.02,49,y = 0.06812 * (y**2) + 2.635,0.9036,0.01,Success
bacon3_S-4_N0.02_S50,S-4,bacon3,0.02,50,Failed to find a simple closing relation.,0.0000,0.01,Failed
bacon3_S-4_N0.02_S51,S-4,bacon3,0.02,51,y = 0.06389 * (y**2) + 2.748,0.9051,0.01,Success
bacon7_S-4_N0.02_S42,S-4,bacon7,0.02,42,No law found,0.0000,0.00,Failed
bacon7_S-4_N0.02_S43,S-4,bacon7,0.02,43,No law found,0.0000,0.00,Failed
bacon7_S-4_N0.02_S44,S-4,bacon7,0.02,44,No law found,0.0000,0.00,Failed
bacon7_S-4_N0.02_S45,S-4,bacon7,0.02,45,No law found,0.0000,0.00,Failed
bacon7_S-4_N0.02_S46,S-4,bacon7,0.02,46,No law found,0.0000,0.00,Failed
bacon7_S-4_N0.02_S47,S-4,bacon7,0.02,47,No law found,0.0000,0.00,Failed
bacon7_S-4_N0.02_S48,S-4,bacon7,0.02,48,No law found,0.0000,0.00,Failed
bacon7_S-4_N0.02_S49,S-4,bacon7,0.02,49,No law found,0.0000,0.00,Failed
bacon7_S-4_N0.02_S50,S-4,bacon7,0.02,50,No law found,0.0000,0.00,Failed
bacon7_S-4_N0.02_S51,S-4,bacon7,0.02,51,No law found,0.0000,0.00,Failed
bacon3_S-4_N0.05_S42,S-4,bacon3,0.05,42,Failed to find a simple closing relation.,0.0000,0.01,Failed
bacon3_S-4_N0.05_S43,S-4,bacon3,0.05,43,Failed to find a simple closing relation.,0.0000,0.01,Failed
bacon3_S-4_N0.05_S44,S-4,bacon3,0.05,44,Failed to find a simple closing relation.,0.0000,0.01,Failed
bacon3_S-4_N0.05_S45,S-4,bacon3,0.05,45,y = 0.06442 * (y**2) + 2.821,0.9060,0.01,Success
bacon3_S-4_N0.05_S46,S-4,bacon3,0.05,46,y = 0.06328 * (y**2) + 2.777,0.9055,0.01,Success
bacon3_S-4_N0.05_S47,S-4,bacon3,0.05,47,Failed to find a simple closing relation.,0.0000,0.01,Failed
bacon3_S-4_N0.05_S48,S-4,bacon3,0.05,48,y = 0.06655 * (y**2) + 2.621,0.9036,0.01,Success
bacon3_S-4_N0.05_S49,S-4,bacon3,0.05,49,Failed to find a simple closing relation.,0.0000,0.01,Failed
bacon3_S-4_N0.05_S50,S-4,bacon3,0.05,50,Failed to find a simple closing relation.,0.0000,0.01,Failed
bacon3_S-4_N0.05_S51,S-4,bacon3,0.05,51,Failed to find a simple closing relation.,0.0000,0.01,Failed
bacon7_S-4_N0.05_S42,S-4,bacon7,0.05,42,No law found,0.0000,0.00,Failed
bacon7_S-4_N0.05_S43,S-4,bacon7,0.05,43,No law found,0.0000,0.00,Failed
bacon7_S-4_N0.05_S44,S-4,bacon7,0.05,44,No law found,0.0000,0.00,Failed
bacon7_S-4_N0.05_S45,S-4,bacon7,0.05,45,No law found,0.0000,0.00,Failed
bacon7_S-4_N0.05_S46,S-4,bacon7,0.05,46,No law found,0.0000,0.00,Failed
bacon7_S-4_N0.05_S47,S-4,bacon7,0.05,47,No law found,0.0000,0.00,Failed
bacon7_S-4_N0.05_S48,S-4,bacon7,0.05,48,No law found,0.0000,0.00,Failed
bacon7_S-4_N0.05_S49,S-4,bacon7,0.05,49,No law found,0.0000,0.00,Failed
bacon7_S-4_N0.05_S50,S-4,bacon7,0.05,50,No law found,0.0000,0.00,Failed
bacon7_S-4_N0.05_S51,S-4,bacon7,0.05,51,No law found,0.0000,0.00,Failed
bacon3_S-4_N0.1_S42,S-4,bacon3,0.1,42,Failed to find a simple closing relation.,0.0000,0.01,Failed
bacon3_S-4_N0.1_S43,S-4,bacon3,0.1,43,Failed to find a simple closing relation.,0.0000,0.01,Failed
bacon3_S-4_N0.1_S44,S-4,bacon3,0.1,44,Failed to find a simple closing relation.,0.0000,0.01,Failed
bacon3_S-4_N0.1_S45,S-4,bacon3,0.1,45,Failed to find a simple closing relation.,0.0000,0.01,Failed
bacon3_S-4_N0.1_S46,S-4,bacon3,0.1,46,Failed to find a simple closing relation.,0.0000,0.01,Failed
bacon3_S-4_N0.1_S47,S-4,bacon3,0.1,47,Failed to find a simple closing relation.,0.0000,0.01,Failed
bacon3_S-4_N0.1_S48,S-4,bacon3,0.1,48,Failed to find a simple closing relation.,0.0000,0.01,Failed
bacon3_S-4_N0.1_S49,S-4,bacon3,0.1,49,Failed to find a simple closing relation.,0.0000,0.01,Failed
bacon3_S-4_N0.1_S50,S-4,bacon3,0.1,50,Failed to find a simple closing relation.,0.0000,0.01,Failed
bacon3_S-4_N0.1_S51,S-4,bacon3,0.1,51,Failed to find a simple closing relation.,0.0000,0.01,Failed
bacon7_S-4_N0.1_S42,S-4,bacon7,0.1,42,No law found,0.0000,0.00,Failed
bacon7_S-4_N0.1_S43,S-4,bacon7,0.1,43,No law found,0.0000,0.00,Failed
bacon7_S-4_N0.1_S44,S-4,bacon7,0.1,44,No law found,0.0000,0.00,Failed
bacon7_S-4_N0.1_S45,S-4,bacon7,0.1,45,No law found,0.0000,0.00,Failed
bacon7_S-4_N0.1_S46,S-4,bacon7,0.1,46,No law found,0.0000,0.00,Failed
bacon7_S-4_N0.1_S47,S-4,bacon7,0.1,47,No law found,0.0000,0.00,Failed
bacon7_S-4_N0.1_S48,S-4,bacon7,0.1,48,No law found,0.0000,0.00,Failed
bacon7_S-4_N0.1_S49,S-4,bacon7,0.1,49,No law found,0.0000,0.00,Failed
bacon7_S-4_N0.1_S50,S-4,bacon7,0.1,50,No law found,0.0000,0.00,Failed
bacon7_S-4_N0.1_S51,S-4,bacon7,0.1,51,No law found,0.0000,0.00,Failed
bacon3_T-1_N0.0_S42,T-1,bacon3,0.0,42,V = 1 * (I*R) + 0,1.0000,0.05,Success
bacon3_T-1_N0.0_S43,T-1,bacon3,0.0,43,V = 1 * (I*R) + 0,1.0000,0.04,Success
bacon3_T-1_N0.0_S44,T-1,bacon3,0.0,44,V = 1 * (I*R) + 0,1.0000,0.04,Success
bacon3_T-1_N0.0_S45,T-1,bacon3,0.0,45,V = 1 * (I*R) + 0,1.0000,0.04,Success
bacon3_T-1_N0.0_S46,T-1,bacon3,0.0,46,V = 1 * (I*R) + 0,1.0000,0.04,Success
bacon3_T-1_N0.0_S47,T-1,bacon3,0.0,47,V = 1 * (I*R) + 0,1.0000,0.04,Success
bacon3_T-1_N0.0_S48,T-1,bacon3,0.0,48,V = 1 * (I*R) + 0,1.0000,0.04,Success
bacon3_T-1_N0.0_S49,T-1,bacon3,0.0,49,V = 1 * (I*R) + 0,1.0000,0.04,Success
bacon3_T-1_N0.0_S50,T-1,bacon3,0.0,50,V = 1 * (I*R) + 0,1.0000,0.04,Success
bacon3_T-1_N0.0_S51,T-1,bacon3,0.0,51,V = 1 * (I*R) + 0,1.0000,0.04,Success
bacon7_T-1_N0.0_S42,T-1,bacon7,0.0,42,V/(I*R) = 1,1.0000,0.00,Success
bacon7_T-1_N0.0_S43,T-1,bacon7,0.0,43,V/(I*R) = 1,1.0000,0.00,Success
bacon7_T-1_N0.0_S44,T-1,bacon7,0.0,44,V/(I*R) = 1,1.0000,0.00,Success
bacon7_T-1_N0.0_S45,T-1,bacon7,0.0,45,V/(I*R) = 1,1.0000,0.00,Success
bacon7_T-1_N0.0_S46,T-1,bacon7,0.0,46,V/(I*R) = 1,1.0000,0.00,Success
bacon7_T-1_N0.0_S47,T-1,bacon7,0.0,47,V/(I*R) = 1,1.0000,0.00,Success
bacon7_T-1_N0.0_S48,T-1,bacon7,0.0,48,V/(I*R) = 1,1.0000,0.00,Success
bacon7_T-1_N0.0_S49,T-1,bacon7,0.0,49,V/(I*R) = 1,1.0000,0.00,Success
bacon7_T-1_N0.0_S50,T-1,bacon7,0.0,50,V/(I*R) = 1,1.0000,0.00,Success
bacon7_T-1_N0.0_S51,T-1,bacon7,0.0,51,V/(I*R) = 1,1.0000,0.00,Success
bacon3_T-1_N0.01_S42,T-1,bacon3,0.01,42,V = 0.9963 * (I*R) + 0.02346,0.9983,0.04,Success
bacon3_T-1_N0.01_S43,T-1,bacon3,0.01,43,V = 0.9955 * (I*R) + 0.003864,0.9981,0.04,Success
bacon3_T-1_N0.01_S44,T-1,bacon3,0.01,44,V = 1.002 * (I*R) - 0.02983,0.9985,0.03,Success
bacon3_T-1_N0.01_S45,T-1,bacon3,0.01,45,V = 1.001 * (I*R) - 0.01044,0.9983,0.03,Success
bacon3_T-1_N0.01_S46,T-1,bacon3,0.01,46,V = 1.004 * (I*R) - 0.005948,0.9983,0.03,Success
bacon3_T-1_N0.01_S47,T-1,bacon3,0.01,47,V = 0.9971 * (I*R) + 0.0146,0.9982,0.04,Success
bacon3_T-1_N0.01_S48,T-1,bacon3,0.01,48,V = 0.9963 * (I*R) + 0.03081,0.9979,0.04,Success
bacon3_T-1_N0.01_S49,T-1,bacon3,0.01,49,V = 0.9984 * (I*R) + 0.00586,0.9983,0.04,Success
bacon3_T-1_N0.01_S50,T-1,bacon3,0.01,50,V = 0.9947 * (I*R) + 0.008538,0.9982,0.03,Success
bacon3_T-1_N0.01_S51,T-1,bacon3,0.01,51,V = 0.9978 * (I*R) + 0.003858,0.9981,0.04,Success
bacon7_T-1_N0.01_S42,T-1,bacon7,0.01,42,No law found,0.0000,0.00,Failed
bacon7_T-1_N0.01_S43,T-1,bacon7,0.01,43,No law found,0.0000,0.00,Failed
bacon7_T-1_N0.01_S44,T-1,bacon7,0.01,44,V/(I*R) = 0.9882,0.9982,0.01,Success
bacon7_T-1_N0.01_S45,T-1,bacon7,0.01,45,No law found,0.0000,0.00,Failed
bacon7_T-1_N0.01_S46,T-1,bacon7,0.01,46,No law found,0.0000,0.00,Failed
bacon7_T-1_N0.01_S47,T-1,bacon7,0.01,47,No law found,0.0000,0.00,Failed
bacon7_T-1_N0.01_S48,T-1,bacon7,0.01,48,No law found,0.0000,0.00,Failed
bacon7_T-1_N0.01_S49,T-1,bacon7,0.01,49,No law found,0.0000,0.00,Failed
bacon7_T-1_N0.01_S50,T-1,bacon7,0.01,50,No law found,0.0000,0.00,Failed
bacon7_T-1_N0.01_S51,T-1,bacon7,0.01,51,No law found,0.0000,0.00,Failed
bacon3_T-1_N0.02_S42,T-1,bacon3,0.02,42,V = 0.9927 * (I*R) + 0.04692,0.9931,0.04,Success
bacon3_T-1_N0.02_S43,T-1,bacon3,0.02,43,V = 0.9911 * (I*R) + 0.007728,0.9926,0.03,Success
bacon3_T-1_N0.02_S44,T-1,bacon3,0.02,44,V = 1.004 * (I*R) - 0.05966,0.9941,0.03,Success
bacon3_T-1_N0.02_S45,T-1,bacon3,0.02,45,V = 1.002 * (I*R) - 0.02088,0.9933,0.03,Success
bacon3_T-1_N0.02_S46,T-1,bacon3,0.02,46,V = 1.009 * (I*R) - 0.0119,0.9933,0.04,Success
bacon3_T-1_N0.02_S47,T-1,bacon3,0.02,47,V = 0.9942 * (I*R) + 0.0292,0.9928,0.03,Success
bacon3_T-1_N0.02_S48,T-1,bacon3,0.02,48,V = 0.9926 * (I*R) + 0.06161,0.9916,0.03,Success
bacon3_T-1_N0.02_S49,T-1,bacon3,0.02,49,V = 0.9967 * (I*R) + 0.01172,0.9933,0.03,Success
bacon3_T-1_N0.02_S50,T-1,bacon3,0.02,50,V = 0.9894 * (I*R) + 0.01708,0.9927,0.03,Success
bacon3_T-1_N0.02_S51,T-1,bacon3,0.02,51,V = 0.9956 * (I*R) + 0.007717,0.9924,0.03,Success
bacon7_T-1_N0.02_S42,T-1,bacon7,0.02,42,No law found,0.0000,0.00,Failed
bacon7_T-1_N0.02_S43,T-1,bacon7,0.02,43,No law found,0.0000,0.00,Failed
bacon7_T-1_N0.02_S44,T-1,bacon7,0.02,44,No law found,0.0000,0.00,Failed
bacon7_T-1_N0.02_S45,T-1,bacon7,0.02,45,No law found,0.0000,0.00,Failed
bacon7_T-1_N0.02_S46,T-1,bacon7,0.02,46,No law found,0.0000,0.00,Failed
bacon7_T-1_N0.02_S47,T-1,bacon7,0.02,47,No law found,0.0000,0.00,Failed
bacon7_T-1_N0.02_S48,T-1,bacon7,0.02,48,No law found,0.0000,0.00,Failed
bacon7_T-1_N0.02_S49,T-1,bacon7,0.02,49,No law found,0.0000,0.00,Failed
bacon7_T-1_N0.02_S50,T-1,bacon7,0.02,50,No law found,0.0000,0.00,Failed
bacon7_T-1_N0.02_S51,T-1,bacon7,0.02,51,No law found,0.0000,0.00,Failed
bacon3_T-1_N0.05_S42,T-1,bacon3,0.05,42,Failed to find a simple closing relation.,0.0000,0.02,Failed
bacon3_T-1_N0.05_S43,T-1,bacon3,0.05,43,V = 0.06631 * (V**2) + 2.304,0.9007,0.01,Success
bacon3_T-1_N0.05_S44,T-1,bacon3,0.05,44,V = 0.06146 * (V**2) + 2.2,0.9074,0.02,Success
bacon3_T-1_N0.05_S45,T-1,bacon3,0.05,45,Failed to find a simple closing relation.,0.0000,0.02,Failed
bacon3_T-1_N0.05_S46,T-1,bacon3,0.05,46,Failed to find a simple closing relation.,0.0000,0.01,Failed
bacon3_T-1_N0.05_S47,T-1,bacon3,0.05,47,Failed to find a simple closing relation.,0.0000,0.01,Failed
bacon3_T-1_N0.05_S48,T-1,bacon3,0.05,48,V = 0.0615 * (V**2) + 2.513,0.9024,0.02,Success
bacon3_T-1_N0.05_S49,T-1,bacon3,0.05,49,V = 0.06565 * (V**2) + 2.19,0.9060,0.02,Success
bacon3_T-1_N0.05_S50,T-1,bacon3,0.05,50,Failed to find a simple closing relation.,0.0000,0.01,Failed
bacon3_T-1_N0.05_S51,T-1,bacon3,0.05,51,Failed to find a simple closing relation.,0.0000,0.01,Failed
bacon7_T-1_N0.05_S42,T-1,bacon7,0.05,42,No law found,0.0000,0.00,Failed
bacon7_T-1_N0.05_S43,T-1,bacon7,0.05,43,No law found,0.0000,0.00,Failed
bacon7_T-1_N0.05_S44,T-1,bacon7,0.05,44,No law found,0.0000,0.00,Failed
bacon7_T-1_N0.05_S45,T-1,bacon7,0.05,45,No law found,0.0000,0.00,Failed
bacon7_T-1_N0.05_S46,T-1,bacon7,0.05,46,No law found,0.0000,0.00,Failed
bacon7_T-1_N0.05_S47,T-1,bacon7,0.05,47,No law found,0.0000,0.00,Failed
bacon7_T-1_N0.05_S48,T-1,bacon7,0.05,48,No law found,0.0000,0.00,Failed
bacon7_T-1_N0.05_S49,T-1,bacon7,0.05,49,No law found,0.0000,0.00,Failed
bacon7_T-1_N0.05_S50,T-1,bacon7,0.05,50,No law found,0.0000,0.00,Failed
bacon7_T-1_N0.05_S51,T-1,bacon7,0.05,51,No law found,0.0000,0.00,Failed
bacon3_T-1_N0.1_S42,T-1,bacon3,0.1,42,Failed to find a simple closing relation.,0.0000,0.01,Failed
bacon3_T-1_N0.1_S43,T-1,bacon3,0.1,43,Failed to find a simple closing relation.,0.0000,0.01,Failed
bacon3_T-1_N0.1_S44,T-1,bacon3,0.1,44,Failed to find a simple closing relation.,0.0000,0.00,Failed
bacon3_T-1_N0.1_S45,T-1,bacon3,0.1,45,Failed to find a simple closing relation.,0.0000,0.01,Failed
bacon3_T-1_N0.1_S46,T-1,bacon3,0.1,46,Failed to find a simple closing relation.,0.0000,0.01,Failed
bacon3_T-1_N0.1_S47,T-1,bacon3,0.1,47,Failed to find a simple closing relation.,0.0000,0.01,Failed
bacon3_T-1_N0.1_S48,T-1,bacon3,0.1,48,Failed to find a simple closing relation.,0.0000,0.01,Failed
bacon3_T-1_N0.1_S49,T-1,bacon3,0.1,49,Failed to find a simple closing relation.,0.0000,0.01,Failed
bacon3_T-1_N0.1_S50,T-1,bacon3,0.1,50,Failed to find a simple closing relation.,0.0000,0.01,Failed
bacon3_T-1_N0.1_S51,T-1,bacon3,0.1,51,Failed to find a simple closing relation.,0.0000,0.00,Failed
bacon7_T-1_N0.1_S42,T-1,bacon7,0.1,42,No law found,0.0000,0.00,Failed
bacon7_T-1_N0.1_S43,T-1,bacon7,0.1,43,No law found,0.0000,0.00,Failed
bacon7_T-1_N0.1_S44,T-1,bacon7,0.1,44,No law found,0.0000,0.00,Failed
bacon7_T-1_N0.1_S45,T-1,bacon7,0.1,45,No law found,0.0000,0.00,Failed
bacon7_T-1_N0.1_S46,T-1,bacon7,0.1,46,No law found,0.0000,0.00,Failed
bacon7_T-1_N0.1_S47,T-1,bacon7,0.1,47,No law found,0.0000,0.00,Failed
bacon7_T-1_N0.1_S48,T-1,bacon7,0.1,48,No law found,0.0000,0.00,Failed
bacon7_T-1_N0.1_S49,T-1,bacon7,0.1,49,No law found,0.0000,0.00,Failed
bacon7_T-1_N0.1_S50,T-1,bacon7,0.1,50,No law found,0.0000,0.00,Failed
bacon7_T-1_N0.1_S51,T-1,bacon7,0.1,51,No law found,0.0000,0.00,Failed
bacon3_T-2_N0.0_S42,T-2,bacon3,0.0,42,F = 1 * (k*x) + 0,1.0000,0.01,Success
bacon3_T-2_N0.0_S43,T-2,bacon3,0.0,43,F = 1 * (k*x) + 0,1.0000,0.01,Success
bacon3_T-2_N0.0_S44,T-2,bacon3,0.0,44,F = 1 * (k*x) + 0,1.0000,0.01,Success
bacon3_T-2_N0.0_S45,T-2,bacon3,0.0,45,F = 1 * (k*x) + 0,1.0000,0.01,Success
bacon3_T-2_N0.0_S46,T-2,bacon3,0.0,46,F = 1 * (k*x) + 0,1.0000,0.01,Success
bacon3_T-2_N0.0_S47,T-2,bacon3,0.0,47,F = 1 * (k*x) + 0,1.0000,0.01,Success
bacon3_T-2_N0.0_S48,T-2,bacon3,0.0,48,F = 1 * (k*x) + 0,1.0000,0.01,Success
bacon3_T-2_N0.0_S49,T-2,bacon3,0.0,49,F = 1 * (k*x) + 0,1.0000,0.01,Success
bacon3_T-2_N0.0_S50,T-2,bacon3,0.0,50,F = 1 * (k*x) + 0,1.0000,0.01,Success
bacon3_T-2_N0.0_S51,T-2,bacon3,0.0,51,F = 1 * (k*x) + 0,1.0000,0.01,Success
bacon7_T-2_N0.0_S42,T-2,bacon7,0.0,42,F/(k*x) = 1,1.0000,0.00,Success
bacon7_T-2_N0.0_S43,T-2,bacon7,0.0,43,F/(k*x) = 1,1.0000,0.00,Success
bacon7_T-2_N0.0_S44,T-2,bacon7,0.0,44,F/(k*x) = 1,1.0000,0.00,Success
bacon7_T-2_N0.0_S45,T-2,bacon7,0.0,45,F/(k*x) = 1,1.0000,0.00,Success
bacon7_T-2_N0.0_S46,T-2,bacon7,0.0,46,F/(k*x) = 1,1.0000,0.00,Success
bacon7_T-2_N0.0_S47,T-2,bacon7,0.0,47,F/(k*x) = 1,1.0000,0.00,Success
bacon7_T-2_N0.0_S48,T-2,bacon7,0.0,48,F/(k*x) = 1,1.0000,0.00,Success
bacon7_T-2_N0.0_S49,T-2,bacon7,0.0,49,F/(k*x) = 1,1.0000,0.00,Success
bacon7_T-2_N0.0_S50,T-2,bacon7,0.0,50,F/(k*x) = 1,1.0000,0.00,Success
bacon7_T-2_N0.0_S51,T-2,bacon7,0.0,51,F/(k*x) = 1,1.0000,0.00,Success
bacon3_T-2_N0.01_S42,T-2,bacon3,0.01,42,F = 0.9963 * (k*x) + 0.003671,0.9973,0.01,Success
bacon3_T-2_N0.01_S43,T-2,bacon3,0.01,43,F = 0.994 * (k*x) - 0.02043,0.9974,0.01,Success
bacon3_T-2_N0.01_S44,T-2,bacon3,0.01,44,F = 1.001 * (k*x) - 0.01794,0.9977,0.01,Success
bacon3_T-2_N0.01_S45,T-2,bacon3,0.01,45,F = 1.003 * (k*x) - 0.00513,0.9978,0.01,Success
bacon3_T-2_N0.01_S46,T-2,bacon3,0.01,46,F = 1.001 * (k*x) + 0.01422,0.9979,0.01,Success
bacon3_T-2_N0.01_S47,T-2,bacon3,0.01,47,F = 1 * (k*x) - 0.001745,0.9975,0.01,Success
bacon3_T-2_N0.01_S48,T-2,bacon3,0.01,48,F = 0.9972 * (k*x) + 0.009169,0.9973,0.01,Success
bacon3_T-2_N0.01_S49,T-2,bacon3,0.01,49,F = 1.003 * (k*x) - 0.00201,0.9976,0.01,Success
bacon3_T-2_N0.01_S50,T-2,bacon3,0.01,50,F = 0.9961 * (k*x) - 0.02051,0.9973,0.01,Success
bacon3_T-2_N0.01_S51,T-2,bacon3,0.01,51,F = 0.9986 * (k*x) - 0.007422,0.9974,0.01,Success
bacon7_T-2_N0.01_S42,T-2,bacon7,0.01,42,No law found,0.0000,0.00,Failed
bacon7_T-2_N0.01_S43,T-2,bacon7,0.01,43,No law found,0.0000,0.00,Failed
bacon7_T-2_N0.01_S44,T-2,bacon7,0.01,44,No law found,0.0000,0.00,Failed
bacon7_T-2_N0.01_S45,T-2,bacon7,0.01,45,No law found,0.0000,0.00,Failed
bacon7_T-2_N0.01_S46,T-2,bacon7,0.01,46,No law found,0.0000,0.00,Failed
bacon7_T-2_N0.01_S47,T-2,bacon7,0.01,47,No law found,0.0000,0.00,Failed
bacon7_T-2_N0.01_S48,T-2,bacon7,0.01,48,No law found,0.0000,0.00,Failed
bacon7_T-2_N0.01_S49,T-2,bacon7,0.01,49,No law found,0.0000,0.00,Failed
bacon7_T-2_N0.01_S50,T-2,bacon7,0.01,50,No law found,0.0000,0.00,Failed
bacon7_T-2_N0.01_S51,T-2,bacon7,0.01,51,No law found,0.0000,0.00,Failed
bacon3_T-2_N0.02_S42,T-2,bacon3,0.02,42,F = 0.9926 * (k*x) + 0.007343,0.9890,0.01,Success
bacon3_T-2_N0.02_S43,T-2,bacon3,0.02,43,F = 0.9879 * (k*x) - 0.04086,0.9895,0.01,Success
bacon3_T-2_N0.02_S44,T-2,bacon3,0.02,44,F = 1.001 * (k*x) - 0.03588,0.9909,0.01,Success
bacon3_T-2_N0.02_S45,T-2,bacon3,0.02,45,F = 1.006 * (k*x) - 0.01026,0.9915,0.01,Success
bacon3_T-2_N0.02_S46,T-2,bacon3,0.02,46,F = 1.002 * (k*x) + 0.02844,0.9915,0.01,Success
bacon3_T-2_N0.02_S47,T-2,bacon3,0.02,47,F = 0.9999 * (k*x) - 0.003491,0.9901,0.01,Success
bacon3_T-2_N0.02_S48,T-2,bacon3,0.02,48,F = 0.9944 * (k*x) + 0.01834,0.9891,0.01,Success
bacon3_T-2_N0.02_S49,T-2,bacon3,0.02,49,F = 1.006 * (k*x) - 0.00402,0.9904,0.01,Success
bacon3_T-2_N0.02_S50,T-2,bacon3,0.02,50,F = 0.9922 * (k*x) - 0.04102,0.9892,0.01,Success
bacon3_T-2_N0.02_S51,T-2,bacon3,0.02,51,F = 0.9972 * (k*x) - 0.01484,0.9898,0.01,Success
bacon7_T-2_N0.02_S42,T-2,bacon7,0.02,42,No law found,0.0000,0.00,Failed
bacon7_T-2_N0.02_S43,T-2,bacon7,0.02,43,No law found,0.0000,0.00,Failed
bacon7_T-2_N0.02_S44,T-2,bacon7,0.02,44,No law found,0.0000,0.00,Failed
bacon7_T-2_N0.02_S45,T-2,bacon7,0.02,45,No law found,0.0000,0.00,Failed
bacon7_T-2_N0.02_S46,T-2,bacon7,0.02,46,No law found,0.0000,0.00,Failed
bacon7_T-2_N0.02_S47,T-2,bacon7,0.02,47,No law found,0.0000,0.00,Failed
bacon7_T-2_N0.02_S48,T-2,bacon7,0.02,48,No law found,0.0000,0.00,Failed
bacon7_T-2_N0.02_S49,T-2,bacon7,0.02,49,No law found,0.0000,0.00,Failed
bacon7_T-2_N0.02_S50,T-2,bacon7,0.02,50,No law found,0.0000,0.00,Failed
bacon7_T-2_N0.02_S51,T-2,bacon7,0.02,51,No law found,0.0000,0.00,Failed
bacon3_T-2_N0.05_S42,T-2,bacon3,0.05,42,F = 0.128 * (F*k) + 0.02716,0.9199,0.01,Success
bacon3_T-2_N0.05_S43,T-2,bacon3,0.05,43,F = 0.1282 * (F*k) + 0.02917,0.9346,0.00,Success
bacon3_T-2_N0.05_S44,T-2,bacon3,0.05,44,F = 0.1272 * (F*k) - 0.1639,0.9345,0.00,Success
bacon3_T-2_N0.05_S45,T-2,bacon3,0.05,45,F = 0.1258 * (F*k) + 0.09336,0.9348,0.00,Success
bacon3_T-2_N0.05_S46,T-2,bacon3,0.05,46,F = 0.1308 * (F*k) - 0.003354,0.9213,0.00,Success
bacon3_T-2_N0.05_S47,T-2,bacon3,0.05,47,F = 0.122 * (F*k) + 0.1335,0.9295,0.00,Success
bacon3_T-2_N0.05_S48,T-2,bacon3,0.05,48,F = 0.1254 * (F*k) + 0.00946,0.9293,0.00,Success
bacon3_T-2_N0.05_S49,T-2,bacon3,0.05,49,F = 0.1296 * (F*k) - 0.02335,0.9340,0.00,Success
bacon3_T-2_N0.05_S50,T-2,bacon3,0.05,50,F = 0.1256 * (F*k) + 0.0007434,0.9340,0.00,Success
bacon3_T-2_N0.05_S51,T-2,bacon3,0.05,51,F = 0.1267 * (F*k) - 0.0411,0.9301,0.00,Success
bacon7_T-2_N0.05_S42,T-2,bacon7,0.05,42,No law found,0.0000,0.00,Failed
bacon7_T-2_N0.05_S43,T-2,bacon7,0.05,43,No law found,0.0000,0.00,Failed
bacon7_T-2_N0.05_S44,T-2,bacon7,0.05,44,No law found,0.0000,0.00,Failed
bacon7_T-2_N0.05_S45,T-2,bacon7,0.05,45,No law found,0.0000,0.00,Failed
bacon7_T-2_N0.05_S46,T-2,bacon7,0.05,46,No law found,0.0000,0.00,Failed
bacon7_T-2_N0.05_S47,T-2,bacon7,0.05,47,No law found,0.0000,0.00,Failed
bacon7_T-2_N0.05_S48,T-2,bacon7,0.05,48,No law found,0.0000,0.00,Failed
bacon7_T-2_N0.05_S49,T-2,bacon7,0.05,49,No law found,0.0000,0.00,Failed
bacon7_T-2_N0.05_S50,T-2,bacon7,0.05,50,No law found,0.0000,0.00,Failed
bacon7_T-2_N0.05_S51,T-2,bacon7,0.05,51,No law found,0.0000,0.00,Failed
bacon3_T-2_N0.1_S42,T-2,bacon3,0.1,42,Failed to find a simple closing relation.,0.0000,0.00,Failed
bacon3_T-2_N0.1_S43,T-2,bacon3,0.1,43,Failed to find a simple closing relation.,0.0000,0.00,Failed
bacon3_T-2_N0.1_S44,T-2,bacon3,0.1,44,Failed to find a simple closing relation.,0.0000,0.00,Failed
bacon3_T-2_N0.1_S45,T-2,bacon3,0.1,45,F = 0.1273 * (F*k) + 0.09836,0.9205,0.00,Success
bacon3_T-2_N0.1_S46,T-2,bacon3,0.1,46,F = 0.1321 * (F*k) - 0.01291,0.9096,0.00,Success
bacon3_T-2_N0.1_S47,T-2,bacon3,0.1,47,F = 0.1248 * (F*k) + 0.1565,0.9065,0.00,Success
bacon3_T-2_N0.1_S48,T-2,bacon3,0.1,48,Failed to find a simple closing relation.,0.0000,0.00,Failed
bacon3_T-2_N0.1_S49,T-2,bacon3,0.1,49,F = 0.1326 * (F*k) + 0.00952,0.9184,0.00,Success
bacon3_T-2_N0.1_S50,T-2,bacon3,0.1,50,Failed to find a simple closing relation.,0.0000,0.00,Failed
bacon3_T-2_N0.1_S51,T-2,bacon3,0.1,51,Failed to find a simple closing relation.,0.0000,0.00,Failed
bacon7_T-2_N0.1_S42,T-2,bacon7,0.1,42,No law found,0.0000,0.00,Failed
bacon7_T-2_N0.1_S43,T-2,bacon7,0.1,43,No law found,0.0000,0.00,Failed
bacon7_T-2_N0.1_S44,T-2,bacon7,0.1,44,No law found,0.0000,0.00,Failed
bacon7_T-2_N0.1_S45,T-2,bacon7,0.1,45,No law found,0.0000,0.00,Failed
bacon7_T-2_N0.1_S46,T-2,bacon7,0.1,46,No law found,0.0000,0.00,Failed
bacon7_T-2_N0.1_S47,T-2,bacon7,0.1,47,No law found,0.0000,0.00,Failed
bacon7_T-2_N0.1_S48,T-2,bacon7,0.1,48,No law found,0.0000,0.00,Failed
bacon7_T-2_N0.1_S49,T-2,bacon7,0.1,49,No law found,0.0000,0.00,Failed
bacon7_T-2_N0.1_S50,T-2,bacon7,0.1,50,No law found,0.0000,0.00,Failed
bacon7_T-2_N0.1_S51,T-2,bacon7,0.1,51,No law found,0.0000,0.00,Failed
bacon3_T-3_N0.0_S42,T-3,bacon3,0.0,42,s = 4.905 * (t**2) + 0,1.0000,0.08,Success
bacon3_T-3_N0.0_S43,T-3,bacon3,0.0,43,s = 4.905 * (t**2) + 0,1.0000,0.07,Success
bacon3_T-3_N0.0_S44,T-3,bacon3,0.0,44,s = 4.905 * (t**2) + 0,1.0000,0.07,Success
bacon3_T-3_N0.0_S45,T-3,bacon3,0.0,45,s = 4.905 * (t**2) + 0,1.0000,0.07,Success
bacon3_T-3_N0.0_S46,T-3,bacon3,0.0,46,s = 4.905 * (t**2) + 0,1.0000,0.07,Success
bacon3_T-3_N0.0_S47,T-3,bacon3,0.0,47,s = 4.905 * (t**2) + 0,1.0000,0.07,Success
bacon3_T-3_N0.0_S48,T-3,bacon3,0.0,48,s = 4.905 * (t**2) + 0,1.0000,0.08,Success
bacon3_T-3_N0.0_S49,T-3,bacon3,0.0,49,s = 4.905 * (t**2) + 0,1.0000,0.09,Success
bacon3_T-3_N0.0_S50,T-3,bacon3,0.0,50,s = 4.905 * (t**2) + 0,1.0000,0.08,Success
bacon3_T-3_N0.0_S51,T-3,bacon3,0.0,51,s = 4.905 * (t**2) + 0,1.0000,0.08,Success
bacon7_T-3_N0.0_S42,T-3,bacon7,0.0,42,s/t² = 4.905,1.0000,0.01,Success
bacon7_T-3_N0.0_S43,T-3,bacon7,0.0,43,s/t² = 4.905,1.0000,0.01,Success
bacon7_T-3_N0.0_S44,T-3,bacon7,0.0,44,s/t² = 4.905,1.0000,0.01,Success
bacon7_T-3_N0.0_S45,T-3,bacon7,0.0,45,s/t² = 4.905,1.0000,0.01,Success
bacon7_T-3_N0.0_S46,T-3,bacon7,0.0,46,s/t² = 4.905,1.0000,0.01,Success
bacon7_T-3_N0.0_S47,T-3,bacon7,0.0,47,s/t² = 4.905,1.0000,0.01,Success
bacon7_T-3_N0.0_S48,T-3,bacon7,0.0,48,s/t² = 4.905,1.0000,0.01,Success
bacon7_T-3_N0.0_S49,T-3,bacon7,0.0,49,s/t² = 4.905,1.0000,0.01,Success
bacon7_T-3_N0.0_S50,T-3,bacon7,0.0,50,s/t² = 4.905,1.0000,0.01,Success
bacon7_T-3_N0.0_S51,T-3,bacon7,0.0,51,s/t² = 4.905,1.0000,0.02,Success
bacon3_T-3_N0.01_S42,T-3,bacon3,0.01,42,s = 4.92 * (t**2) - 0.03257,0.9987,0.06,Success
bacon3_T-3_N0.01_S43,T-3,bacon3,0.01,43,s = 4.913 * (t**2) - 0.009054,0.9987,0.04,Success
bacon3_T-3_N0.01_S44,T-3,bacon3,0.01,44,s = 4.908 * (t**2) + 0.01595,0.9989,0.04,Success
bacon3_T-3_N0.01_S45,T-3,bacon3,0.01,45,s = 4.908 * (t**2) - 0.007754,0.9987,0.04,Success
bacon3_T-3_N0.01_S46,T-3,bacon3,0.01,46,s = 4.903 * (t**2) + 0.002093,0.9987,0.03,Success
bacon3_T-3_N0.01_S47,T-3,bacon3,0.01,47,s = 4.913 * (t**2) - 0.03301,0.9990,0.04,Success
bacon3_T-3_N0.01_S48,T-3,bacon3,0.01,48,s = 4.903 * (t**2) + 0.01428,0.9990,0.03,Success
bacon3_T-3_N0.01_S49,T-3,bacon3,0.01,49,s = 4.911 * (t**2) + 0.009071,0.9989,0.03,Success
bacon3_T-3_N0.01_S50,T-3,bacon3,0.01,50,s = 4.893 * (t**2) + 0.02244,0.9988,0.03,Success
bacon3_T-3_N0.01_S51,T-3,bacon3,0.01,51,s = 4.877 * (t**2) + 0.04038,0.9989,0.03,Success
bacon7_T-3_N0.01_S42,T-3,bacon7,0.01,42,No law found,0.0000,0.00,Failed
bacon7_T-3_N0.01_S43,T-3,bacon7,0.01,43,No law found,0.0000,0.00,Failed
bacon7_T-3_N0.01_S44,T-3,bacon7,0.01,44,No law found,0.0000,0.00,Failed
bacon7_T-3_N0.01_S45,T-3,bacon7,0.01,45,No law found,0.0000,0.00,Failed
bacon7_T-3_N0.01_S46,T-3,bacon7,0.01,46,No law found,0.0000,0.00,Failed
bacon7_T-3_N0.01_S47,T-3,bacon7,0.01,47,No law found,0.0000,0.00,Failed
bacon7_T-3_N0.01_S48,T-3,bacon7,0.01,48,No law found,0.0000,0.00,Failed
bacon7_T-3_N0.01_S49,T-3,bacon7,0.01,49,No law found,0.0000,0.00,Failed
bacon7_T-3_N0.01_S50,T-3,bacon7,0.01,50,No law found,0.0000,0.00,Failed
bacon7_T-3_N0.01_S51,T-3,bacon7,0.01,51,No law found,0.0000,0.00,Failed
bacon3_T-3_N0.02_S42,T-3,bacon3,0.02,42,s = 4.935 * (t**2) - 0.06515,0.9950,0.04,Success
bacon3_T-3_N0.02_S43,T-3,bacon3,0.02,43,s = 4.921 * (t**2) - 0.01811,0.9950,0.03,Success
bacon3_T-3_N0.02_S44,T-3,bacon3,0.02,44,s = 4.91 * (t**2) + 0.03191,0.9954,0.03,Success
bacon3_T-3_N0.02_S45,T-3,bacon3,0.02,45,s = 4.912 * (t**2) - 0.01551,0.9948,0.03,Success
bacon3_T-3_N0.02_S46,T-3,bacon3,0.02,46,s = 4.9 * (t**2) + 0.004186,0.9950,0.03,Success
bacon3_T-3_N0.02_S47,T-3,bacon3,0.02,47,s = 4.921 * (t**2) - 0.06603,0.9962,0.03,Success
bacon3_T-3_N0.02_S48,T-3,bacon3,0.02,48,s = 4.901 * (t**2) + 0.02856,0.9959,0.03,Success
bacon3_T-3_N0.02_S49,T-3,bacon3,0.02,49,s = 4.917 * (t**2) + 0.01814,0.9956,0.03,Success
bacon3_T-3_N0.02_S50,T-3,bacon3,0.02,50,s = 4.881 * (t**2) + 0.04487,0.9954,0.03,Success
bacon3_T-3_N0.02_S51,T-3,bacon3,0.02,51,s = 4.848 * (t**2) + 0.08076,0.9955,0.03,Success
bacon7_T-3_N0.02_S42,T-3,bacon7,0.02,42,No law found,0.0000,0.00,Failed
bacon7_T-3_N0.02_S43,T-3,bacon7,0.02,43,No law found,0.0000,0.00,Failed
bacon7_T-3_N0.02_S44,T-3,bacon7,0.02,44,No law found,0.0000,0.00,Failed
bacon7_T-3_N0.02_S45,T-3,bacon7,0.02,45,No law found,0.0000,0.00,Failed
bacon7_T-3_N0.02_S46,T-3,bacon7,0.02,46,No law found,0.0000,0.00,Failed
bacon7_T-3_N0.02_S47,T-3,bacon7,0.02,47,No law found,0.0000,0.00,Failed
bacon7_T-3_N0.02_S48,T-3,bacon7,0.02,48,No law found,0.0000,0.00,Failed
bacon7_T-3_N0.02_S49,T-3,bacon7,0.02,49,No law found,0.0000,0.00,Failed
bacon7_T-3_N0.02_S50,T-3,bacon7,0.02,50,No law found,0.0000,0.00,Failed
bacon7_T-3_N0.02_S51,T-3,bacon7,0.02,51,No law found,0.0000,0.00,Failed
bacon3_T-3_N0.05_S42,T-3,bacon3,0.05,42,s = 0.5322 * (s*t) + 1.275,0.9611,0.01,Success
bacon3_T-3_N0.05_S43,T-3,bacon3,0.05,43,s = 0.5228 * (s*t) + 1.428,0.9594,0.02,Success
bacon3_T-3_N0.05_S44,T-3,bacon3,0.05,44,s = 0.5244 * (s*t) + 1.448,0.9653,0.02,Success
bacon3_T-3_N0.05_S45,T-3,bacon3,0.05,45,s = 0.524 * (s*t) + 1.383,0.9564,0.02,Success
bacon3_T-3_N0.05_S46,T-3,bacon3,0.05,46,s = 0.5315 * (s*t) + 1.345,0.9614,0.02,Success
bacon3_T-3_N0.05_S47,T-3,bacon3,0.05,47,s = 0.5193 * (s*t) + 1.364,0.9653,0.02,Success
bacon3_T-3_N0.05_S48,T-3,bacon3,0.05,48,s = 0.5103 * (s*t) + 1.552,0.9681,0.02,Success
bacon3_T-3_N0.05_S49,T-3,bacon3,0.05,49,s = 0.5246 * (s*t) + 1.412,0.9616,0.02,Success
bacon3_T-3_N0.05_S50,T-3,bacon3,0.05,50,s = 0.5171 * (s*t) + 1.516,0.9650,0.02,Success
bacon3_T-3_N0.05_S51,T-3,bacon3,0.05,51,s = 0.5236 * (s*t) + 1.469,0.9667,0.02,Success
bacon7_T-3_N0.05_S42,T-3,bacon7,0.05,42,No law found,0.0000,0.00,Failed
bacon7_T-3_N0.05_S43,T-3,bacon7,0.05,43,No law found,0.0000,0.00,Failed
bacon7_T-3_N0.05_S44,T-3,bacon7,0.05,44,No law found,0.0000,0.00,Failed
bacon7_T-3_N0.05_S45,T-3,bacon7,0.05,45,No law found,0.0000,0.00,Failed
bacon7_T-3_N0.05_S46,T-3,bacon7,0.05,46,No law found,0.0000,0.00,Failed
bacon7_T-3_N0.05_S47,T-3,bacon7,0.05,47,No law found,0.0000,0.00,Failed
bacon7_T-3_N0.05_S48,T-3,bacon7,0.05,48,No law found,0.0000,0.00,Failed
bacon7_T-3_N0.05_S49,T-3,bacon7,0.05,49,No law found,0.0000,0.00,Failed
bacon7_T-3_N0.05_S50,T-3,bacon7,0.05,50,No law found,0.0000,0.00,Failed
bacon7_T-3_N0.05_S51,T-3,bacon7,0.05,51,No law found,0.0000,0.00,Failed
bacon3_T-3_N0.1_S42,T-3,bacon3,0.1,42,s = 0.5429 * (s*t) + 1.114,0.9374,0.00,Success
bacon3_T-3_N0.1_S43,T-3,bacon3,0.1,43,s = 0.5309 * (s*t) + 1.335,0.9317,0.00,Success
bacon3_T-3_N0.1_S44,T-3,bacon3,0.1,44,s = 0.5309 * (s*t) + 1.427,0.9431,0.00,Success
bacon3_T-3_N0.1_S45,T-3,bacon3,0.1,45,s = 0.5344 * (s*t) + 1.257,0.9268,0.00,Success
bacon3_T-3_N0.1_S46,T-3,bacon3,0.1,46,s = 0.5401 * (s*t) + 1.278,0.9393,0.00,Success
bacon3_T-3_N0.1_S47,T-3,bacon3,0.1,47,s = 0.5287 * (s*t) + 1.208,0.9471,0.00,Success
bacon3_T-3_N0.1_S48,T-3,bacon3,0.1,48,s = 0.5132 * (s*t) + 1.554,0.9521,0.00,Success
bacon3_T-3_N0.1_S49,T-3,bacon3,0.1,49,s = 0.5317 * (s*t) + 1.37,0.9414,0.00,Success
bacon3_T-3_N0.1_S50,T-3,bacon3,0.1,50,s = 0.5206 * (s*t) + 1.524,0.9442,0.00,Success
bacon3_T-3_N0.1_S51,T-3,bacon3,0.1,51,s = 0.5271 * (s*t) + 1.497,0.9488,0.01,Success
bacon7_T-3_N0.1_S42,T-3,bacon7,0.1,42,No law found,0.0000,0.00,Failed
bacon7_T-3_N0.1_S43,T-3,bacon7,0.1,43,No law found,0.0000,0.00,Failed
bacon7_T-3_N0.1_S44,T-3,bacon7,0.1,44,No law found,0.0000,0.00,Failed
bacon7_T-3_N0.1_S45,T-3,bacon7,0.1,45,No law found,0.0000,0.00,Failed
bacon7_T-3_N0.1_S46,T-3,bacon7,0.1,46,No law found,0.0000,0.00,Failed
bacon7_T-3_N0.1_S47,T-3,bacon7,0.1,47,No law found,0.0000,0.00,Failed
bacon7_T-3_N0.1_S48,T-3,bacon7,0.1,48,No law found,0.0000,0.00,Failed
bacon7_T-3_N0.1_S49,T-3,bacon7,0.1,49,No law found,0.0000,0.00,Failed
bacon7_T-3_N0.1_S50,T-3,bacon7,0.1,50,No law found,0.0000,0.00,Failed
bacon7_T-3_N0.1_S51,T-3,bacon7,0.1,51,No law found,0.0000,0.00,Failed
bacon3_T-4_N0.0_S42,T-4,bacon3,0.0,42,Failed to find a simple closing relation.,0.0000,0.03,Failed
bacon3_T-4_N0.0_S43,T-4,bacon3,0.0,43,Failed to find a simple closing relation.,0.0000,0.03,Failed
bacon3_T-4_N0.0_S44,T-4,bacon3,0.0,44,Failed to find a simple closing relation.,0.0000,0.03,Failed
bacon3_T-4_N0.0_S45,T-4,bacon3,0.0,45,Failed to find a simple closing relation.,0.0000,0.03,Failed
bacon3_T-4_N0.0_S46,T-4,bacon3,0.0,46,Failed to find a simple closing relation.,0.0000,0.03,Failed
bacon3_T-4_N0.0_S47,T-4,bacon3,0.0,47,Failed to find a simple closing relation.,0.0000,0.02,Failed
bacon3_T-4_N0.0_S48,T-4,bacon3,0.0,48,Failed to find a simple closing relation.,0.0000,0.03,Failed
bacon3_T-4_N0.0_S49,T-4,bacon3,0.0,49,Failed to find a simple closing relation.,0.0000,0.03,Failed
bacon3_T-4_N0.0_S50,T-4,bacon3,0.0,50,Failed to find a simple closing relation.,0.0000,0.03,Failed
bacon3_T-4_N0.0_S51,T-4,bacon3,0.0,51,Failed to find a simple closing relation.,0.0000,0.02,Failed
bacon7_T-4_N0.0_S42,T-4,bacon7,0.0,42,T*n/(P*V) = 0.1203,1.0000,0.01,Success
bacon7_T-4_N0.0_S43,T-4,bacon7,0.0,43,T*n/(P*V) = 0.1203,1.0000,0.01,Success
bacon7_T-4_N0.0_S44,T-4,bacon7,0.0,44,T*n/(P*V) = 0.1203,1.0000,0.01,Success
bacon7_T-4_N0.0_S45,T-4,bacon7,0.0,45,T*n/(P*V) = 0.1203,1.0000,0.01,Success
bacon7_T-4_N0.0_S46,T-4,bacon7,0.0,46,T*n/(P*V) = 0.1203,1.0000,0.01,Success
bacon7_T-4_N0.0_S47,T-4,bacon7,0.0,47,T*n/(P*V) = 0.1203,1.0000,0.01,Success
bacon7_T-4_N0.0_S48,T-4,bacon7,0.0,48,T*n/(P*V) = 0.1203,1.0000,0.01,Success
bacon7_T-4_N0.0_S49,T-4,bacon7,0.0,49,T*n/(P*V) = 0.1203,1.0000,0.01,Success
bacon7_T-4_N0.0_S50,T-4,bacon7,0.0,50,T*n/(P*V) = 0.1203,1.0000,0.01,Success
bacon7_T-4_N0.0_S51,T-4,bacon7,0.0,51,T*n/(P*V) = 0.1203,1.0000,0.01,Success
bacon3_T-4_N0.01_S42,T-4,bacon3,0.01,42,T = 0.0612 * (T**2*n) + 2.23,0.9330,0.03,Success
bacon3_T-4_N0.01_S43,T-4,bacon3,0.01,43,T = 0.06211 * (T**2*n) + 2.237,0.9354,0.03,Success
bacon3_T-4_N0.01_S44,T-4,bacon3,0.01,44,T = 0.07376 * (T**2) + 2.543,0.9337,0.03,Success
bacon3_T-4_N0.01_S45,T-4,bacon3,0.01,45,T = 0.07639 * (T**2) + 2.556,0.9300,0.03,Success
bacon3_T-4_N0.01_S46,T-4,bacon3,0.01,46,T = 0.07507 * (T**2) + 2.514,0.9175,0.03,Success
bacon3_T-4_N0.01_S47,T-4,bacon3,0.01,47,T = 0.07353 * (T**2) + 2.659,0.9117,0.03,Success
bacon3_T-4_N0.01_S48,T-4,bacon3,0.01,48,T = 0.05974 * (T**2*n) + 2.356,0.9313,0.03,Success
bacon3_T-4_N0.01_S49,T-4,bacon3,0.01,49,T = 0.06132 * (T**2*n) + 2.227,0.9256,0.03,Success
bacon3_T-4_N0.01_S50,T-4,bacon3,0.01,50,T = 0.07656 * (T**2) + 2.535,0.9304,0.03,Success
bacon3_T-4_N0.01_S51,T-4,bacon3,0.01,51,T = 0.07525 * (T**2) + 2.554,0.9209,0.03,Success
bacon7_T-4_N0.01_S42,T-4,bacon7,0.01,42,0.05593*n + T/(P*V) = 0.1672,0.9929,0.02,Success
bacon7_T-4_N0.01_S43,T-4,bacon7,0.01,43,0.05773*n + T/(P*V) = 0.1705,0.9915,0.02,Success
bacon7_T-4_N0.01_S44,T-4,bacon7,0.01,44,0.05846*n + T/(P*V) = 0.1707,0.9932,0.02,Success
bacon7_T-4_N0.01_S45,T-4,bacon7,0.01,45,0.05834*n + T/(P*V) = 0.1706,0.9926,0.02,Success
bacon7_T-4_N0.01_S46,T-4,bacon7,0.01,46,0.05634*n + T/(P*V) = 0.1679,0.9925,0.02,Success
bacon7_T-4_N0.01_S47,T-4,bacon7,0.01,47,0.05789*n + T/(P*V) = 0.1707,0.9898,0.02,Success
bacon7_T-4_N0.01_S48,T-4,bacon7,0.01,48,0.05985*n + T/(P*V) = 0.1728,0.9933,0.02,Success
bacon7_T-4_N0.01_S49,T-4,bacon7,0.01,49,0.0569*n + T/(P*V) = 0.1687,0.9898,0.02,Success
bacon7_T-4_N0.01_S50,T-4,bacon7,0.01,50,0.05772*n + T/(P*V) = 0.1701,0.9917,0.02,Success
bacon7_T-4_N0.01_S51,T-4,bacon7,0.01,51,0.05774*n + T/(P*V) = 0.1701,0.9917,0.02,Success
bacon3_T-4_N0.02_S42,T-4,bacon3,0.02,42,T = 0.06116 * (T**2*n) + 2.225,0.9311,0.03,Success
bacon3_T-4_N0.02_S43,T-4,bacon3,0.02,43,T = 0.06188 * (T**2*n) + 2.242,0.9346,0.03,Success
bacon3_T-4_N0.02_S44,T-4,bacon3,0.02,44,T = 0.07361 * (T**2) + 2.538,0.9327,0.03,Success
bacon3_T-4_N0.02_S45,T-4,bacon3,0.02,45,T = 0.07659 * (T**2) + 2.543,0.9283,0.03,Success
bacon3_T-4_N0.02_S46,T-4,bacon3,0.02,46,T = 0.075 * (T**2) + 2.507,0.9159,0.03,Success
bacon3_T-4_N0.02_S47,T-4,bacon3,0.02,47,T = 0.07328 * (T**2) + 2.665,0.9100,0.03,Success
bacon3_T-4_N0.02_S48,T-4,bacon3,0.02,48,T = 0.05978 * (T**2*n) + 2.345,0.9300,0.03,Success
bacon3_T-4_N0.02_S49,T-4,bacon3,0.02,49,T = 0.0611 * (T**2*n) + 2.233,0.9236,0.03,Success
bacon3_T-4_N0.02_S50,T-4,bacon3,0.02,50,T = 0.07673 * (T**2) + 2.529,0.9304,0.03,Success
bacon3_T-4_N0.02_S51,T-4,bacon3,0.02,51,T = 0.07546 * (T**2) + 2.547,0.9200,0.02,Success
bacon7_T-4_N0.02_S42,T-4,bacon7,0.02,42,0.05566*n + T/(P*V) = 0.1666,0.9862,0.02,Success
bacon7_T-4_N0.02_S43,T-4,bacon7,0.02,43,0.05743*n + T/(P*V) = 0.1703,0.9849,0.02,Success
bacon7_T-4_N0.02_S44,T-4,bacon7,0.02,44,0.05853*n + T/(P*V) = 0.1707,0.9866,0.02,Success
bacon7_T-4_N0.02_S45,T-4,bacon7,0.02,45,0.059*n + T/(P*V) = 0.1713,0.9862,0.02,Success
bacon7_T-4_N0.02_S46,T-4,bacon7,0.02,46,0.05607*n + T/(P*V) = 0.1673,0.9843,0.02,Success
bacon7_T-4_N0.02_S47,T-4,bacon7,0.02,47,0.05929*n + T/(P*V) = 0.1732,0.9780,0.02,Success
bacon7_T-4_N0.02_S48,T-4,bacon7,0.02,48,0.06167*n + T/(P*V) = 0.1753,0.9860,0.02,Success
bacon7_T-4_N0.02_S49,T-4,bacon7,0.02,49,0.0559*n + T/(P*V) = 0.1673,0.9773,0.02,Success
bacon7_T-4_N0.02_S50,T-4,bacon7,0.02,50,0.05766*n + T/(P*V) = 0.1702,0.9834,0.02,Success
bacon7_T-4_N0.02_S51,T-4,bacon7,0.02,51,0.05782*n + T/(P*V) = 0.1702,0.9828,0.02,Success
bacon3_T-4_N0.05_S42,T-4,bacon3,0.05,42,T = 0.06075 * (T**2*n) + 2.2,0.9204,0.03,Success
bacon3_T-4_N0.05_S43,T-4,bacon3,0.05,43,T = 0.06102 * (T**2*n) + 2.247,0.9291,0.03,Success
bacon3_T-4_N0.05_S44,T-4,bacon3,0.05,44,T = 0.05912 * (T**2*n) + 2.279,0.9255,0.03,Success
bacon3_T-4_N0.05_S45,T-4,bacon3,0.05,45,T = 0.07721 * (T**2) + 2.487,0.9202,0.03,Success
bacon3_T-4_N0.05_S46,T-4,bacon3,0.05,46,T = 0.07473 * (T**2) + 2.469,0.9071,0.03,Success
bacon3_T-4_N0.05_S47,T-4,bacon3,0.05,47,T = 0.07289 * (T**2) + 2.652,0.9020,0.02,Success
bacon3_T-4_N0.05_S48,T-4,bacon3,0.05,48,T = 0.05982 * (T**2*n) + 2.294,0.9209,0.03,Success
bacon3_T-4_N0.05_S49,T-4,bacon3,0.05,49,T = 0.06015 * (T**2*n) + 2.235,0.9108,0.03,Success
bacon3_T-4_N0.05_S50,T-4,bacon3,0.05,50,T = 0.07732 * (T**2) + 2.493,0.9256,0.03,Success
bacon3_T-4_N0.05_S51,T-4,bacon3,0.05,51,T = 0.07613 * (T**2) + 2.505,0.9113,0.03,Success
bacon7_T-4_N0.05_S42,T-4,bacon7,0.05,42,T*n/(P*V) = 0.1193,0.9393,0.01,Success
bacon7_T-4_N0.05_S43,T-4,bacon7,0.05,43,T*n/(P*V) = 0.1221,0.9498,0.01,Success
bacon7_T-4_N0.05_S44,T-4,bacon7,0.05,44,T*n/(P*V) = 0.1194,0.9472,0.01,Success
bacon7_T-4_N0.05_S45,T-4,bacon7,0.05,45,T*n/(P*V) = 0.118,0.9464,0.01,Success
bacon7_T-4_N0.05_S46,T-4,bacon7,0.05,46,T*n/(P*V) = 0.1193,0.9386,0.01,Success
bacon7_T-4_N0.05_S47,T-4,bacon7,0.05,47,T*n/(P*V) = 0.1224,0.9171,0.01,Success
bacon7_T-4_N0.05_S48,T-4,bacon7,0.05,48,T*n/(P*V) = 0.1183,0.9398,0.01,Success
bacon7_T-4_N0.05_S49,T-4,bacon7,0.05,49,T*n/(P*V) = 0.1215,0.9114,0.01,Success
bacon7_T-4_N0.05_S50,T-4,bacon7,0.05,50,T*n/(P*V) = 0.1215,0.9381,0.01,Success
bacon7_T-4_N0.05_S51,T-4,bacon7,0.05,51,T*n/(P*V) = 0.1207,0.9279,0.01,Success
bacon3_T-4_N0.1_S42,T-4,bacon3,0.1,42,Failed to find a simple closing relation.,0.0000,0.03,Failed
bacon3_T-4_N0.1_S43,T-4,bacon3,0.1,43,T = 0.05894 * (T**2*n) + 2.238,0.9100,0.03,Success
bacon3_T-4_N0.1_S44,T-4,bacon3,0.1,44,Failed to find a simple closing relation.,0.0000,0.03,Failed
bacon3_T-4_N0.1_S45,T-4,bacon3,0.1,45,Failed to find a simple closing relation.,0.0000,0.02,Failed
bacon3_T-4_N0.1_S46,T-4,bacon3,0.1,46,Failed to find a simple closing relation.,0.0000,0.03,Failed
bacon3_T-4_N0.1_S47,T-4,bacon3,0.1,47,Failed to find a simple closing relation.,0.0000,0.03,Failed
bacon3_T-4_N0.1_S48,T-4,bacon3,0.1,48,Failed to find a simple closing relation.,0.0000,0.03,Failed
bacon3_T-4_N0.1_S49,T-4,bacon3,0.1,49,Failed to find a simple closing relation.,0.0000,0.02,Failed
bacon3_T-4_N0.1_S50,T-4,bacon3,0.1,50,T = 0.07836 * (T**2) + 2.375,0.9044,0.02,Success
bacon3_T-4_N0.1_S51,T-4,bacon3,0.1,51,Failed to find a simple closing relation.,0.0000,0.03,Failed
bacon7_T-4_N0.1_S42,T-4,bacon7,0.1,42,No law found,0.0000,0.00,Failed
bacon7_T-4_N0.1_S43,T-4,bacon7,0.1,43,No law found,0.0000,0.00,Failed
bacon7_T-4_N0.1_S44,T-4,bacon7,0.1,44,No law found,0.0000,0.00,Failed
bacon7_T-4_N0.1_S45,T-4,bacon7,0.1,45,No law found,0.0000,0.00,Failed
bacon7_T-4_N0.1_S46,T-4,bacon7,0.1,46,No law found,0.0000,0.00,Failed
bacon7_T-4_N0.1_S47,T-4,bacon7,0.1,47,No law found,0.0000,0.00,Failed
bacon7_T-4_N0.1_S48,T-4,bacon7,0.1,48,No law found,0.0000,0.00,Failed
bacon7_T-4_N0.1_S49,T-4,bacon7,0.1,49,No law found,0.0000,0.00,Failed
bacon7_T-4_N0.1_S50,T-4,bacon7,0.1,50,No law found,0.0000,0.00,Failed
bacon7_T-4_N0.1_S51,T-4,bacon7,0.1,51,No law found,0.0000,0.00,Failed
bacon3_T-5_N0.0_S42,T-5,bacon3,0.0,42,P = 5.67e-08 * (T**4) + 0,1.0000,0.07,Success
bacon3_T-5_N0.0_S43,T-5,bacon3,0.0,43,P = 5.67e-08 * (T**4) + 0,1.0000,0.07,Success
bacon3_T-5_N0.0_S44,T-5,bacon3,0.0,44,P = 5.67e-08 * (T**4) + 0,1.0000,0.07,Success
bacon3_T-5_N0.0_S45,T-5,bacon3,0.0,45,P = 5.67e-08 * (T**4) + 0,1.0000,0.07,Success
bacon3_T-5_N0.0_S46,T-5,bacon3,0.0,46,P = 5.67e-08 * (T**4) + 0,1.0000,0.07,Success
bacon3_T-5_N0.0_S47,T-5,bacon3,0.0,47,P = 5.67e-08 * (T**4) + 0,1.0000,0.07,Success
bacon3_T-5_N0.0_S48,T-5,bacon3,0.0,48,P = 5.67e-08 * (T**4) + 0,1.0000,0.07,Success
bacon3_T-5_N0.0_S49,T-5,bacon3,0.0,49,P = 5.67e-08 * (T**4) + 0,1.0000,0.07,Success
bacon3_T-5_N0.0_S50,T-5,bacon3,0.0,50,P = 5.67e-08 * (T**4) + 0,1.0000,0.07,Success
bacon3_T-5_N0.0_S51,T-5,bacon3,0.0,51,P = 5.67e-08 * (T**4) + 0,1.0000,0.07,Success
bacon7_T-5_N0.0_S42,T-5,bacon7,0.0,42,P/(T*T³) = 5.67e-08,1.0000,0.01,Success
bacon7_T-5_N0.0_S43,T-5,bacon7,0.0,43,P/(T*T³) = 5.67e-08,1.0000,0.01,Success
bacon7_T-5_N0.0_S44,T-5,bacon7,0.0,44,P/(T*T³) = 5.67e-08,1.0000,0.01,Success
bacon7_T-5_N0.0_S45,T-5,bacon7,0.0,45,P/(T*T³) = 5.67e-08,1.0000,0.01,Success
bacon7_T-5_N0.0_S46,T-5,bacon7,0.0,46,P/(T*T³) = 5.67e-08,1.0000,0.01,Success
bacon7_T-5_N0.0_S47,T-5,bacon7,0.0,47,P/(T*T³) = 5.67e-08,1.0000,0.01,Success
bacon7_T-5_N0.0_S48,T-5,bacon7,0.0,48,P/(T*T³) = 5.67e-08,1.0000,0.01,Success
bacon7_T-5_N0.0_S49,T-5,bacon7,0.0,49,P/(T*T³) = 5.67e-08,1.0000,0.01,Success
bacon7_T-5_N0.0_S50,T-5,bacon7,0.0,50,P/(T*T³) = 5.67e-08,1.0000,0.01,Success
bacon7_T-5_N0.0_S51,T-5,bacon7,0.0,51,P/(T*T³) = 5.67e-08,1.0000,0.01,Success
bacon3_T-5_N0.01_S42,T-5,bacon3,0.01,42,P = 5.689e-08 * (T**4) - 5.2,0.9985,0.05,Success
bacon3_T-5_N0.01_S43,T-5,bacon3,0.01,43,P = 5.68e-08 * (T**4) - 1.239,0.9985,0.04,Success
bacon3_T-5_N0.01_S44,T-5,bacon3,0.01,44,P = 5.672e-08 * (T**4) + 3.159,0.9987,0.04,Success
bacon3_T-5_N0.01_S45,T-5,bacon3,0.01,45,P = 5.671e-08 * (T**4) - 0.7723,0.9985,0.04,Success
bacon3_T-5_N0.01_S46,T-5,bacon3,0.01,46,P = 5.667e-08 * (T**4) + 0.2395,0.9985,0.04,Success
bacon3_T-5_N0.01_S47,T-5,bacon3,0.01,47,P = 5.68e-08 * (T**4) - 5.577,0.9989,0.04,Success
bacon3_T-5_N0.01_S48,T-5,bacon3,0.01,48,P = 5.669e-08 * (T**4) + 2.165,0.9989,0.04,Success
bacon3_T-5_N0.01_S49,T-5,bacon3,0.01,49,P = 5.675e-08 * (T**4) + 2.221,0.9987,0.04,Success
bacon3_T-5_N0.01_S50,T-5,bacon3,0.01,50,P = 5.658e-08 * (T**4) + 3.061,0.9987,0.04,Success
bacon3_T-5_N0.01_S51,T-5,bacon3,0.01,51,P = 5.634e-08 * (T**4) + 6.045,0.9987,0.04,Success
bacon7_T-5_N0.01_S42,T-5,bacon7,0.01,42,No law found,0.0000,0.00,Failed
bacon7_T-5_N0.01_S43,T-5,bacon7,0.01,43,No law found,0.0000,0.00,Failed
bacon7_T-5_N0.01_S44,T-5,bacon7,0.01,44,No law found,0.0000,0.00,Failed
bacon7_T-5_N0.01_S45,T-5,bacon7,0.01,45,No law found,0.0000,0.00,Failed
bacon7_T-5_N0.01_S46,T-5,bacon7,0.01,46,No law found,0.0000,0.00,Failed
bacon7_T-5_N0.01_S47,T-5,bacon7,0.01,47,No law found,0.0000,0.00,Failed
bacon7_T-5_N0.01_S48,T-5,bacon7,0.01,48,No law found,0.0000,0.00,Failed
bacon7_T-5_N0.01_S49,T-5,bacon7,0.01,49,No law found,0.0000,0.00,Failed
bacon7_T-5_N0.01_S50,T-5,bacon7,0.01,50,No law found,0.0000,0.00,Failed
bacon7_T-5_N0.01_S51,T-5,bacon7,0.01,51,No law found,0.0000,0.00,Failed
bacon3_T-5_N0.02_S42,T-5,bacon3,0.02,42,P = 0.002106 * (P*T) + 107.6,0.9894,0.03,Success
bacon3_T-5_N0.02_S43,T-5,bacon3,0.02,43,P = 0.002083 * (P*T) + 118.7,0.9891,0.02,Success
bacon3_T-5_N0.02_S44,T-5,bacon3,0.02,44,P = 0.00209 * (P*T) + 118.2,0.9898,0.03,Success
bacon3_T-5_N0.02_S45,T-5,bacon3,0.02,45,P = 0.002077 * (P*T) + 119.3,0.9883,0.02,Success
bacon3_T-5_N0.02_S46,T-5,bacon3,0.02,46,P = 0.002101 * (P*T) + 109.9,0.9888,0.03,Success
bacon3_T-5_N0.02_S47,T-5,bacon3,0.02,47,P = 0.002072 * (P*T) + 113.9,0.9905,0.02,Success
bacon3_T-5_N0.02_S48,T-5,bacon3,0.02,48,P = 5.669e-08 * (T**4) + 4.33,0.9955,0.04,Success
bacon3_T-5_N0.02_S49,T-5,bacon3,0.02,49,P = 0.002082 * (P*T) + 118.3,0.9890,0.03,Success
bacon3_T-5_N0.02_S50,T-5,bacon3,0.02,50,P = 0.002073 * (P*T) + 123.6,0.9903,0.03,Success
bacon3_T-5_N0.02_S51,T-5,bacon3,0.02,51,P = 0.002089 * (P*T) + 119.6,0.9900,0.04,Success
bacon7_T-5_N0.02_S42,T-5,bacon7,0.02,42,No law found,0.0000,0.00,Failed
bacon7_T-5_N0.02_S43,T-5,bacon7,0.02,43,No law found,0.0000,0.00,Failed
bacon7_T-5_N0.02_S44,T-5,bacon7,0.02,44,No law found,0.0000,0.00,Failed
bacon7_T-5_N0.02_S45,T-5,bacon7,0.02,45,No law found,0.0000,0.00,Failed
bacon7_T-5_N0.02_S46,T-5,bacon7,0.02,46,No law found,0.0000,0.00,Failed
bacon7_T-5_N0.02_S47,T-5,bacon7,0.02,47,No law found,0.0000,0.01,Failed
bacon7_T-5_N0.02_S48,T-5,bacon7,0.02,48,No law found,0.0000,0.00,Failed
bacon7_T-5_N0.02_S49,T-5,bacon7,0.02,49,No law found,0.0000,0.00,Failed
bacon7_T-5_N0.02_S50,T-5,bacon7,0.02,50,No law found,0.0000,0.00,Failed
bacon7_T-5_N0.02_S51,T-5,bacon7,0.02,51,No law found,0.0000,0.00,Failed
bacon3_T-5_N0.05_S42,T-5,bacon3,0.05,42,P = 0.002123 * (P*T) + 96.47,0.9834,0.01,Success
bacon3_T-5_N0.05_S43,T-5,bacon3,0.05,43,P = 0.002095 * (P*T) + 113,0.9825,0.01,Success
bacon3_T-5_N0.05_S44,T-5,bacon3,0.05,44,P = 0.002099 * (P*T) + 118.5,0.9846,0.01,Success
bacon3_T-5_N0.05_S45,T-5,bacon3,0.05,45,P = 0.002093 * (P*T) + 111.4,0.9810,0.01,Success
bacon3_T-5_N0.05_S46,T-5,bacon3,0.05,46,P = 0.002114 * (P*T) + 106.4,0.9834,0.01,Success
bacon3_T-5_N0.05_S47,T-5,bacon3,0.05,47,P = 0.002088 * (P*T) + 102.5,0.9861,0.01,Success
bacon3_T-5_N0.05_S48,T-5,bacon3,0.05,48,P = 0.002059 * (P*T) + 127.9,0.9875,0.01,Success
bacon3_T-5_N0.05_S49,T-5,bacon3,0.05,49,P = 0.002091 * (P*T) + 117.3,0.9840,0.01,Success
bacon3_T-5_N0.05_S50,T-5,bacon3,0.05,50,P = 0.002076 * (P*T) + 125.9,0.9859,0.01,Success
bacon3_T-5_N0.05_S51,T-5,bacon3,0.05,51,P = 0.002091 * (P*T) + 123.8,0.9862,0.02,Success
bacon7_T-5_N0.05_S42,T-5,bacon7,0.05,42,No law found,0.0000,0.00,Failed
bacon7_T-5_N0.05_S43,T-5,bacon7,0.05,43,No law found,0.0000,0.00,Failed
bacon7_T-5_N0.05_S44,T-5,bacon7,0.05,44,No law found,0.0000,0.01,Failed
bacon7_T-5_N0.05_S45,T-5,bacon7,0.05,45,No law found,0.0000,0.00,Failed
bacon7_T-5_N0.05_S46,T-5,bacon7,0.05,46,No law found,0.0000,0.00,Failed
bacon7_T-5_N0.05_S47,T-5,bacon7,0.05,47,No law found,0.0000,0.00,Failed
bacon7_T-5_N0.05_S48,T-5,bacon7,0.05,48,No law found,0.0000,0.00,Failed
bacon7_T-5_N0.05_S49,T-5,bacon7,0.05,49,No law found,0.0000,0.00,Failed
bacon7_T-5_N0.05_S50,T-5,bacon7,0.05,50,No law found,0.0000,0.00,Failed
bacon7_T-5_N0.05_S51,T-5,bacon7,0.05,51,No law found,0.0000,0.01,Failed
bacon3_T-5_N0.1_S42,T-5,bacon3,0.1,42,P = 0.002169 * (P*T) + 71.83,0.9669,0.01,Success
bacon3_T-5_N0.1_S43,T-5,bacon3,0.1,43,P = 0.002135 * (P*T) + 96.52,0.9633,0.00,Success
bacon3_T-5_N0.1_S44,T-5,bacon3,0.1,44,P = 0.002132 * (P*T) + 111.8,0.9683,0.00,Success
bacon3_T-5_N0.1_S45,T-5,bacon3,0.1,45,P = 0.002139 * (P*T) + 90.67,0.9604,0.00,Success
bacon3_T-5_N0.1_S46,T-5,bacon3,0.1,46,P = 0.002156 * (P*T) + 93.98,0.9665,0.00,Success
bacon3_T-5_N0.1_S47,T-5,bacon3,0.1,47,P = 0.002128 * (P*T) + 78.82,0.9729,0.00,Success
bacon3_T-5_N0.1_S48,T-5,bacon3,0.1,48,P = 0.002076 * (P*T) + 125.8,0.9762,0.02,Success
bacon3_T-5_N0.1_S49,T-5,bacon3,0.1,49,P = 0.002124 * (P*T) + 109,0.9691,0.01,Success
bacon3_T-5_N0.1_S50,T-5,bacon3,0.1,50,P = 0.0021 * (P*T) + 123,0.9703,0.01,Success
bacon3_T-5_N0.1_S51,T-5,bacon3,0.1,51,P = 0.002116 * (P*T) + 123.8,0.9719,0.01,Success
bacon7_T-5_N0.1_S42,T-5,bacon7,0.1,42,No law found,0.0000,0.00,Failed
bacon7_T-5_N0.1_S43,T-5,bacon7,0.1,43,No law found,0.0000,0.00,Failed
bacon7_T-5_N0.1_S44,T-5,bacon7,0.1,44,No law found,0.0000,0.00,Failed
bacon7_T-5_N0.1_S45,T-5,bacon7,0.1,45,No law found,0.0000,0.00,Failed
bacon7_T-5_N0.1_S46,T-5,bacon7,0.1,46,No law found,0.0000,0.00,Failed
bacon7_T-5_N0.1_S47,T-5,bacon7,0.1,47,No law found,0.0000,0.00,Failed
bacon7_T-5_N0.1_S48,T-5,bacon7,0.1,48,No law found,0.0000,0.01,Failed
bacon7_T-5_N0.1_S49,T-5,bacon7,0.1,49,No law found,0.0000,0.01,Failed
bacon7_T-5_N0.1_S50,T-5,bacon7,0.1,50,No law found,0.0000,0.01,Failed
bacon7_T-5_N0.1_S51,T-5,bacon7,0.1,51,No law found,0.0000,0.01,Failed
